imageID,disease,treeID,author,part,integrity
e19475f4-2f2a-4270-bf9b-cde455b6f649.jpg,Bunchy top,c35f18d7-484f-4173-b39c-6418664bc2dc,Mitz,foliage,OK
df4ada49-95bc-464d-b6a4-f18acf4c1df9.jpg,Bunchy top,1e29162f-9cdf-43b3-a85f-ad6ce6d548a9,Iking,foliage,OK
5aaadc4a-75fd-4f5e-9967-43daba3be5dc.jpg,Healthy,9d4c3e83-58c9-4bee-a844-a1db51c662a7,Juan Carlos,foliage,OK
d5728cbb-5146-44ce-8296-ade5f612db75.jpg,Black sigatoka,246658ac-229e-4058-bf54-b7d29d783844,Randel,foliage,OK
cfa64b39-a165-4773-9103-b50c70bed480.jpg,Healthy,9a18c256-43ff-4bb1-b661-dd959390129c,Juan Carlos,foliage,OK
52b71da7-3e4d-4613-92cf-eba26ccee2e2.jpg,Healthy,e250fe0c-5f97-4ff8-acf1-f6f7e8eb7ca5,Juan Carlos,foliage,OK
bece555c-402f-4c22-943e-a029d2521d8a.jpg,Bunchy top,Tree2 -Bunchy Top,Mitz,foliage,OK
d03c1cd9-6629-4dce-bae0-3be0eb8f683e.jpg,Black sigatoka,59b0838b-72c2-43ee-b89a-ae73d7a20b96,Juan Carlos,leaf,OK
18e9b50c-f1e2-43ad-bf17-19220e7e10b0.jpg,Healthy,bf5fa5a1-7422-4195-8895-f73722b61312,Mitz,foliage,OK
4cc04bf4-2a06-4b2c-8891-cef8d7963063.jpg,Bunchy top,a5243f5e-6bba-41c0-a721-48798ca2dde6,Mitz,foliage,OK
39ea3e5c-db88-41d3-acad-9b7e29e789ed.jpg,Black sigatoka,54f4bf33-f8a1-4acc-a05e-81a0e9f45f2d,Juan Carlos,foliage,OK
9f5de6d8-e2ee-4de4-b5e4-0ab11ca9961c.jpg,Healthy,7484db34-3152-44f6-9890-2d8335335966,Juan Carlos,foliage,OK
9d7a1c0c-0db2-4a2f-a700-a40be25b73b9.jpg,Healthy,00e9a719-7ec5-4ff4-a3f7-caeb6ddf4baf,Juan Carlos,foliage,OK
8aa46324-8d84-46d6-8f4a-e3720f765e79.jpg,Black sigatoka,3a74e6b7-60c4-41b7-acfd-5e2e826175e7,Randel,foliage,OK
0e378fc3-9a0f-4e2d-b21a-4453afe79880.jpg,Black sigatoka,90fe8cb8-02f8-4cd6-a218-3434ba5498a3,Juan Carlos,foliage,OK
4393b7f6-8b61-4e6d-b8b9-3260520c85c8.jpg,Healthy,be4ee4df-2a18-43c5-aa3f-6ac54dd5d5e7,Juan Carlos,foliage,OK
eeb53a25-c8b2-44ae-84df-b3381cb41f13.jpg,Healthy,a151bf39-db62-4177-9473-19079c521611,Juan Carlos,foliage,OK
7095b8ff-5384-499a-a6e8-02eb164af424.jpg,Healthy,6b4675c3-e243-431e-b6e5-daf5d4ec296a,Juan Carlos,foliage,OK
1c3c26b2-15a0-4708-b785-9fa9d3a64003.jpg,Healthy,21cfb16b-eb23-4958-9293-b01afbc19c14,Juan Carlos,foliage,OK
5b346b23-4c90-47e3-8a29-047fc72a93c8.jpg,Healthy,6ec26887-b6db-48ce-9a09-ee3d924ca9af,Juan Carlos,foliage,OK
9ea89853-a904-46a3-86bc-54f432eec6ea.jpg,Bunchy top,e0702dca-8394-42c5-b890-efb284e628ce,Mitz,foliage,OK
b041a797-c444-4657-a21a-511287eec776.jpg,Healthy,a0c2a655-6b25-4b25-b151-a11abeae2655,Juan Carlos,foliage,OK
8cc725a8-685b-4acf-9da1-01ccd2ab4718.jpg,Healthy,f022d564-f7fe-44c3-961c-437dcf4fee30,Juan Carlos,foliage,OK
a8c3d4e7-b7e1-4447-9a2a-376e747a42e1.jpg,Healthy,79d79f10-f631-41c5-b88f-4ffe13347a32,Mitz,foliage,OK
c3daaad7-6955-4dfc-8ebd-4f37bb50e569.jpg,Bunchy top,f1a544a1-2e6c-4109-8652-ecfc74dc2914,Mitz,foliage,OK
8501fdee-859b-4be7-85ad-8e70ee1282e0.jpg,Healthy,e0911035-4d75-47dd-b655-5ba70ecc902b,Juan Carlos,foliage,OK
1db67261-d50e-491d-b539-4ec9d0b4eb68.jpg,Healthy,a4552856-4d4f-452a-bc92-538d379e5537,Juan Carlos,foliage,OK
0e951f46-3e98-4bca-b127-a049739fc0a4.jpg,Black sigatoka,4885df8d-19c3-4de7-b153-38951cc8d6d3,Juan Carlos,foliage,OK
77ce9ef8-65e6-4f73-8e3c-ac9cd04500f1.jpg,Black sigatoka,Tree3 - Black Sigatoka,Mitz,leaf,OK
ac5bf224-7456-458c-8b25-bfb3b8c87c21.jpg,Healthy,b8c78e09-c386-46b7-933a-7ffda10db6b1,Mitz,foliage,OK
7fbc969f-b879-43ca-ac49-376c793a5c3f.jpg,Black sigatoka,d220e204-2a5a-42c6-a76b-ccc70c07e2d7,Juan Carlos,foliage,OK
c3cfc7eb-b859-4a59-a1b9-2a82063e7ecc.jpg,Healthy,42e00f84-398d-489d-8c7c-5bd020a34134,Juan Carlos,foliage,OK
9ac60ea4-5be0-4cec-88f5-6ba5f2f09f93.jpg,Healthy,1eadf82e-86ea-485a-8579-e9160ae5fca6,Mitz,foliage,OK
86875e92-3206-4182-baf3-0315892f2f51.jpg,Healthy,675e1ac1-a661-4a66-a89b-6a6b2104261f,Juan Carlos,foliage,OK
4369d282-224f-4df0-a724-4ab37699f388.jpg,Black sigatoka,bde416de-0be5-4d6c-b069-c9e98dad8882,Mitz,foliage,OK
8b57a1e7-1eb8-44d8-9776-6388632583ab.jpg,Healthy,25d8a618-57d3-402d-bc3f-321de08f34c6,Mitz,foliage,OK
36130cea-a3b2-495e-a54f-ba838f0c2889.jpg,Black sigatoka,0307137e-f51c-4a78-8094-4bb9aa2aa995,Mitz,leaf,OK
5a240536-a54c-417d-97df-6878d6021244.jpg,Bunchy top,8e7ebc48-7c31-435c-b3ef-6eaaab9023d8,Iking,foliage,OK
f28a7291-bdb6-4384-a0ed-23d349c80313.jpg,Healthy,c0c32e56-68bf-4bae-bae9-21e96726d6e0,Mitz,foliage,OK
3cf56398-9eda-440c-8517-d413e38780ed.jpg,Healthy,db3d90a5-9d1f-42cd-8b5d-4e569ef32416,Mitz,foliage,OK
0718dd90-2b73-49ae-b135-1ef5e9bd58c6.jpg,Healthy,754fe845-3e80-41ae-b5a5-c50e694a321b,Juan Carlos,foliage,OK
93c500aa-7eff-4947-8e5c-1c8007f7e9b8.jpg,Bunchy top,f266b4b3-7489-4ba7-87c3-1653915b053c,Iking,foliage,OK
a1eeda66-48be-406e-9b62-059d8dbf6926.jpg,Black sigatoka,1b588729-e615-4c3e-8c4d-dfc25207a2bc,Mitz,leaf,OK
f3d1ed1d-9833-419c-b8e9-205d21a93659.jpg,Black sigatoka,4ad9afde-b707-4714-b599-c5362cc1faff,Juan Carlos,leaf,OK
310dc339-f69b-4f93-be92-48e4daa5ffcf.jpg,Black sigatoka,b84dbbc4-cf77-4f5b-b5da-5f13e7c978cc,Mitz,foliage,OK
00e582e6-fd43-445a-89be-c6268f0b3e9b.jpg,Healthy,5d62b9fe-766a-4a71-9474-315278c30ed3,Juan Carlos,foliage,OK
ef744fd6-2f34-487a-9fa7-a3bcd037b3c8.jpg,Bunchy top,9ad51c47-d61a-459d-a2b5-1efec0acefd5,Mitz,foliage,OK
01b77215-53e1-4c6a-9399-4d5b5198d4b1.jpg,Black sigatoka,8b8b0bc1-475b-4b12-b6ae-8240b62933ea,Juan Carlos,leaf,OK
a83b3601-7ffd-4cba-b1ca-01e4627fe4e9.jpg,Bunchy top,73092e7b-f6a2-482e-ba40-32759aa9f295,Iking,foliage,OK
62f1672b-9e6e-4a64-a884-0d126f7ac656.jpg,Bunchy top,60de7efc-4d3a-4e41-8e27-c9951813bea7,Iking,foliage,OK
b5a533b0-285a-4a1c-882a-dda981301b91.jpg,Black sigatoka,31ce0efd-ae7e-42fa-b4da-976eaf3874a7,Juan Carlos,leaf,OK
f65efbd5-2dc1-423b-884b-dc3c70f16ce3.jpg,Bunchy top,e482a26e-ff54-42a5-af06-17569ea311c4,Iking,foliage,OK
b3848507-c480-437e-ba0d-b6b3bb1f94b9.jpg,Black sigatoka,5f7bb5b5-5693-4dd1-ac2b-529432f6f0db,Juan Carlos,foliage,OK
fd9c3c43-8f2c-4b0a-ab45-cc1e90eacf3c.jpg,Black sigatoka,ed3aeb40-5823-43a5-ad1c-36f4eac50b8d,Juan Carlos,leaf,OK
93a67435-a03d-4b1b-b34d-0003dc151bd9.jpg,Black sigatoka,90fb573b-6c1d-424f-afff-5bf6653bd0d2,Juan Carlos,foliage,OK
57ee1fbb-2ee0-42a7-972d-4382b162e356.jpg,Bunchy top,ad7b0157-574c-4fdc-9554-acaaeee552f2,Mitz,foliage,OK
29b29857-f92d-4ada-90ca-9b7a1188ae45.jpg,Bunchy top,24130081-f6f0-4ac2-80b6-c48e39234415,Iking,foliage,OK
7723ba7e-df59-43c3-b249-5798f566ce94.jpg,Healthy,96f296f7-a558-4e0a-8191-8f655a1a9f50,Juan Carlos,foliage,OK
985ddc0e-4162-401f-a1f2-288b2790d524.jpg,Healthy,05bccd15-a00e-4f0b-8d74-cab12cde44b5,Mitz,foliage,OK
76fa02ff-0498-4907-b939-6d2d54f604fd.jpg,Black sigatoka,b84dbbc4-cf77-4f5b-b5da-5f13e7c978cc,Mitz,leaf,OK
b6796ac5-757b-4eff-86d5-6d13f4771bc4.jpg,Healthy,926d7a14-78e3-40f6-a25c-4ec830dbc2c6,Juan Carlos,foliage,OK
301406a4-0c4e-4377-b3a0-e82c4f0e4626.jpg,Black sigatoka,bf24a3bc-60cb-4599-91e3-3106f5df2cb5,Juan Carlos,leaf,OK
a0cdf91b-002e-4c95-b90a-f37c67a8e399.jpg,Healthy,7484db34-3152-44f6-9890-2d8335335966,Juan Carlos,foliage,OK
2eec9d2c-205f-4cc0-b89a-3fdf0440ee67.jpg,Healthy,8458292e-3c51-420c-bf10-28418c85822d,Mitz,foliage,OK
4446c867-22d3-4d26-9a38-b3f8adac6031.jpg,Healthy,8315462d-7374-4cbc-8cf7-52f14fa4e4b3,Mitz,foliage,OK
43c5bb8d-fcad-49e8-ba6f-98df520b3309.jpg,Healthy,b2727f4f-fcf1-4ef9-bb53-d732783370ea,Juan Carlos,foliage,OK
541b4ce3-e1d8-4077-82b4-5bf250fa0d13.jpg,Healthy,bd37f6a8-bd84-4152-b888-c01b1d1a14d7,Juan Carlos,foliage,OK
93cb1b78-224a-4e53-8035-3f6ff679c61a.jpg,Bunchy top,cce5d029-8132-41bc-8e79-256e6126f308,Iking,foliage,OK
2459b62c-471f-4ef5-a80b-c7d01aab77a9.jpg,Bunchy top,ac4b2746-af27-4e1c-a72c-73bb2f273fb6,Iking,foliage,OK
8d0e4068-2490-4983-bcd5-1cb5d212c415.jpg,Healthy,ba1e4ce8-4e9a-48ee-98fd-71fe2ff1f0a6,Juan Carlos,foliage,OK
60f1af7b-fc6d-442f-9c95-634440d7dec7.jpg,Black sigatoka,544d5764-19bc-4639-aaa3-793dfeddd677,Juan Carlos,leaf,OK
6c01f607-3491-4066-bd8b-b98b3b87e687.jpg,Bunchy top,f2679c78-8766-4bc0-96e2-206fc16b9cdd,Iking,foliage,OK
e69a55e1-b2e6-4de6-83f3-8f259a67169d.jpg,Healthy,408b8c8a-39a9-4528-a2f0-21ccd0dc27ac,Juan Carlos,foliage,OK
542f275a-0c1f-4347-8719-1c9ea61f2e30.jpg,Healthy,67dafbfd-4fc1-4bc4-9058-9c4d7720f568,Mitz,foliage,OK
6a5cec83-ba48-4b79-9bff-b6b6621f3536.jpg,Healthy,1df97881-fc5d-4841-ba57-80e2119d9377,Mitz,foliage,OK
4dbfd089-e1f2-4c0b-9765-76ea4c1679e8.jpg,Healthy,0455221b-7b3d-48d5-9a5b-9697111058a5,Juan Carlos,foliage,OK
d56ed3f0-e04a-4e15-bd80-2e41249a8797.jpg,Healthy,3468a492-f8ff-4cab-999e-187336aefa4a,Mitz,foliage,OK
4aa3b253-a041-4e88-8599-0bfd1dc9675c.jpg,Bunchy top,1f347c04-cb48-4488-9622-6a47b5d8dbc9,Iking,foliage,OK
b43738e5-f514-42a4-ae79-2c8502a1413a.jpg,Healthy,2530636d-2d30-4193-8e0b-51272a871aa7,Mitz,foliage,OK
8a10dc79-6e55-4ba0-a9dd-6e5ddcba9043.jpg,Black sigatoka,02d2506c-134c-422f-8c25-2cf8c0198912,Randel,leaf,OK
8a066205-c882-4801-a7eb-dc55ae7735c0.jpg,Healthy,6276f358-3d52-4a98-8fe1-9ddaff45bb4c,Juan Carlos,foliage,OK
53f2be51-7864-4259-a0af-12cc2a3072cb.jpg,Black sigatoka,6a14ea4d-cd91-4d96-aac4-fcd7c5235d31,Juan Carlos,foliage,OK
8df28ac3-5710-4ce2-ac07-38a5e6fba57c.jpg,Healthy,9cd8a4fb-c75a-41f1-8e37-6b0ff6b1f43c,Mitz,foliage,OK
75216401-24b1-49d9-923c-0316af5406ee.jpg,Healthy,51df0cdd-d97e-49e0-84da-45e21581914e,Mitz,foliage,OK
699e634b-419c-49e3-84d3-a991ce0b6613.jpg,Black sigatoka,d9ae7c86-1a08-43dc-addd-a9aaab577cf4,Juan Carlos,foliage,OK
2fabd02b-a64e-446b-bf55-fe217b68c84e.jpg,Bunchy top,9b69ba43-f667-4be2-8f62-3c038b820df4,Iking,foliage,OK
aa238eef-77bb-4ad0-8a75-8fd4b3251e58.jpg,Healthy,a5857c0b-3a9b-4912-be39-1c8248e0eb4c,Juan Carlos,foliage,OK
711b663c-e2e7-4fa4-8343-478bac37149f.jpg,Black sigatoka,a323bd62-970b-400e-b203-12185c95bfeb,Juan Carlos,foliage,OK
3f59e071-fe63-48d3-9c64-9aebe5609b82.jpg,Bunchy top,526c096c-f2a5-4b28-b68c-309f745ba8f4,Iking,foliage,OK
c230de57-7756-4502-976d-a19ed6a5bc2b.jpg,Healthy,f8a9f3a0-1eb1-4a31-8c7a-e99fa5c78580,Juan Carlos,foliage,OK
40161b53-6509-468e-878d-b0c420527b63.jpg,Black sigatoka,b7d9e71e-3d73-403b-856f-4bd9073b5715,Juan Carlos,foliage,OK
f7400c2f-d0ea-44f4-897b-8ff11de46654.jpg,Healthy,d92cae6d-45d6-427b-950f-9c5c7d04b5dd,Juan Carlos,foliage,OK
37a00694-650d-4127-ad52-0a5375eb2937.jpg,Healthy,a69e10cd-1b66-4d13-adbd-2c060d0fcf1b,Mitz,foliage,OK
1321ebe5-a355-48c1-b14e-8ec24da65639.jpg,Healthy,76c807e6-23b3-4d8a-9859-d73f61928638,Juan Carlos,foliage,OK
f3a5d62c-fc6c-4051-b46c-684c15f2da87.jpg,Healthy,67e1f1f1-ab15-4272-a6e0-f8faf0a42169,Mitz,foliage,OK
0f7a5606-99a6-48c5-af5d-617c1b4690b7.jpg,Healthy,2b2d9e10-dd18-44e0-952e-51c0b53c6bea,Juan Carlos,foliage,OK
ff27afb0-0425-409d-9c08-8dcac2f5857a.jpg,Healthy,acd2e1d0-b5ce-43ff-8bb8-f0620e444c02,Mitz,foliage,OK
58820f53-d8a3-4a6b-a79d-5761a17cbe72.jpg,Healthy,8458292e-3c51-420c-bf10-28418c85822d,Mitz,foliage,OK
a5c916ba-96f8-4a77-9c23-29502c357446.jpg,Healthy,a5e8cd21-a128-4a4f-97d7-9a2a32c9cd8b,Juan Carlos,foliage,OK
7e5f4054-e8c1-47cd-a48c-ac394d32fbab.jpg,Bunchy top,996d412e-d0f1-4101-9c11-50ce3a1c661f,Iking,foliage,OK
0142aaf5-f142-4ac5-9a5d-d6ad275c4d5f.jpg,Healthy,32cd26be-173f-4eb3-9f1e-de4232dbed4a,Juan Carlos,foliage,OK
71358784-3baf-4acc-aff4-f32aabaa1d7c.jpg,Healthy,714239bb-71bd-4d21-9fe5-fcf247dfe566,Juan Carlos,foliage,OK
696a6870-8af2-4c13-9788-41361dea46ab.jpg,Healthy,9a3480c0-cb06-4acd-8bcc-982d91baa3c2,Mitz,foliage,OK
c81a8b69-dd9d-4c0b-a03f-19431c2219ec.jpg,Bunchy top,e92da6e8-5164-4c28-80c7-925f3041190d,Mitz,foliage,OK
c6c64741-b3b1-4be4-8f98-ab668a670154.jpg,Bunchy top,1503c8f1-95f7-460f-a166-368604ca3604,Iking,foliage,OK
c4ae987f-e446-44cf-b8f9-03bc15589575.jpg,Healthy,e17ab728-eeef-4793-9fc7-c6d87012d356,Mitz,foliage,OK
2d63dd9e-7bcb-4a6e-b3e8-5a0538e2a46c.jpg,Bunchy top,Tree4 - Bunchy Top,Mitz,foliage,OK
82fe050b-3387-4d3a-8065-cd09eb719f90.jpg,Black sigatoka,35d7bc53-4fd9-4472-8295-ffc193f442db,Juan Carlos,foliage,OK
5addc55e-11c7-47c0-8c77-84a463df20f5.jpg,Healthy,096ec148-0926-40d3-9d05-ed5f64544764,Juan Carlos,foliage,OK
c4f6f47f-a9fb-4ce0-b72d-425fa8569d9b.jpg,Bunchy top,b98023c3-0967-4713-96f9-f58bc2c4eaae,Mitz,foliage,OK
2966ddcb-31e7-47e2-981c-497a7511cc30.jpg,Healthy,5bc26972-4fce-4614-b20b-82d5d002a1e9,Juan Carlos,foliage,OK
a1f08ce4-d9ad-4995-b0d0-9e666c527c7b.jpg,Healthy,5b9150ca-9e6d-4f02-9420-e6c0a287ea4c,Juan Carlos,foliage,OK
d41614c5-ebf6-4ebf-9f9b-2b0561c6bc1f.jpg,Black sigatoka,e4c970bc-23c8-42f1-a7f4-66a46df8328c,Juan Carlos,foliage,OK
228c808f-5253-4d2f-a38e-a785ec1a6463.jpg,Healthy,ca2778e6-3e29-40d3-bf8e-22e4e863290b,Juan Carlos,foliage,OK
81298b80-a276-4d5e-b162-803d3c396600.jpg,Bunchy top,2935e62c-2596-4275-8fd2-a4436e054dc8,Mitz,foliage,OK
a485d200-288f-4814-9b10-79f6cff42432.jpg,Healthy,f413ba83-37ed-4225-926d-7308721f0fca,Juan Carlos,foliage,OK
c4b619e7-42b0-4164-a7c0-f937adead2f9.jpg,Bunchy top,2cbd7a4a-2792-40df-947b-4224f7781dfd,Mitz,foliage,OK
5c8925d6-373e-4180-bc5e-453f1976f543.jpg,Black sigatoka,4ad9afde-b707-4714-b599-c5362cc1faff,Juan Carlos,leaf,OK
02dd347f-eb46-4041-adb5-2e92256d2b98.jpg,Healthy,675e1ac1-a661-4a66-a89b-6a6b2104261f,Juan Carlos,foliage,OK
736f277d-d2b6-40b6-ade2-35d40099e885.jpg,Healthy,1909f256-d2bb-4cbd-a158-3757c7f981c4,Juan Carlos,foliage,OK
1c8857f3-69bc-48cd-9892-4fa9f6786c29.jpg,Healthy,8d8d3f29-07af-4bee-b3cd-3a2e4abe619e,Mitz,foliage,OK
837dfc6e-cb6b-419c-ad7a-3a7c8c2f9b58.jpg,Black sigatoka,a323bd62-970b-400e-b203-12185c95bfeb,Juan Carlos,foliage,OK
a84b1481-9d2e-4dad-8050-b84c22c4e844.jpg,Bunchy top,1c7bbce8-31ad-4097-aea9-7234ff481b80,Iking,foliage,OK
4dce268a-3817-4988-8faf-a838759f108a.jpg,Healthy,df550846-defe-4217-b5be-47c66241083a,Juan Carlos,foliage,OK
b18c15a0-6e66-4ad0-9a43-2e282441cc2e.jpg,Bunchy top,bc3bc44a-e6de-46ce-9343-1013a0752472,Mitz,foliage,OK
929e6036-9316-4a39-a920-19e788e7bca1.jpg,Healthy,56d8af42-6c9a-4419-ae54-a4368bfc7f7c,Juan Carlos,foliage,OK
92aa3387-eebd-4a21-95c7-b59d23fc9b6b.jpg,Bunchy top,a49af6bd-8c06-4016-a6e2-0c0dc56a9569,Iking,foliage,OK
09559905-1dda-4ea2-9a72-58d989f375ca.jpg,Black sigatoka,97fc2172-5447-4859-8409-3f755b65dd97,Randel,foliage,OK
80490081-edc0-4036-a737-595469b0794e.jpg,Bunchy top,a1ac15e9-4078-4ab0-a05e-56381a753949,Mitz,foliage,OK
31d5636d-402a-4e06-b675-ec010c461610.jpg,Healthy,0bb75428-806e-4df9-870e-64dff6849b43,Mitz,foliage,OK
d08e9ae2-a388-4443-87f6-3c26bda71b42.jpg,Bunchy top,36e3e953-eae2-49a7-943e-706557c51ef2,Juan Carlos,foliage,OK
3dd53518-b65a-4db6-8407-02fa3ca475fb.jpg,Black sigatoka,de666782-21e2-403e-9e84-ae921751ce75,Juan Carlos,leaf,OK
414060e0-2852-4ebe-b768-705730968fcb.jpg,Black sigatoka,ec9dce54-7814-4796-936d-3bea3ad46412,Juan Carlos,foliage,OK
6c4d3fdb-c605-43b6-a48f-b28b19d040ed.jpg,Healthy,75e0f794-62f7-456f-99a9-26c20f85c04c,Mitz,foliage,OK
7e3253c5-fefb-492d-8e59-009064694f95.jpg,Healthy,9b76b9b3-f858-4cbf-bda4-3498d840fad8,Mitz,foliage,OK
a23ceae3-07e8-4109-ae9e-41c18ae48217.jpg,Black sigatoka,02d2506c-134c-422f-8c25-2cf8c0198912,Randel,leaf,OK
fb38a135-3a28-46fe-8c0f-e654cdf33a13.jpg,Healthy,3b880d21-ded4-486d-871d-fa29ae2d9a02,Juan Carlos,foliage,OK
88abcbd5-70f6-4d0f-8f53-1abd55dce5e2.jpg,Healthy,e6c944b8-730b-4721-9609-c65d21db3749,Juan Carlos,foliage,OK
edf603f2-3e64-40ac-ad1b-c332d9f2828c.jpg,Healthy,f2a09a02-708d-4094-8133-ad4ec3ff78f3,Mitz,foliage,OK
8bf01406-5ccf-4f94-b82f-0d3971e96517.jpg,Black sigatoka,2375c6d4-8551-49ab-935d-43f8ae01e641,Juan Carlos,foliage,OK
4fea9cd7-5824-4de0-8bbc-f3fce194ab96.jpg,Healthy,d2801d92-7508-467c-9a3b-3530cd3442a7,Mitz,foliage,OK
c7e78069-237d-4807-bf65-94cf59780149.jpg,Bunchy top,3023658b-61b3-49d7-b786-e292a16060bb,Iking,foliage,OK
b5607b02-8efc-45ca-9933-372ba00adcc1.jpg,Healthy,421e0c12-0a00-4e20-a88a-916539bdf5aa,Mitz,foliage,OK
9f0dc83a-b83d-4678-96ac-20b86b08c13c.jpg,Healthy,fb2df388-d94f-4615-a416-aed8a9cd0e48,Juan Carlos,foliage,OK
f9cdc2a2-def0-488c-a147-c8a26d7f3ff1.jpg,Black sigatoka,0f04fd41-4581-4ae2-b318-196e8924da4d,Randel,leaf,OK
3c4036c2-30e1-407d-8676-05366919161d.jpg,Bunchy top,3de56587-b444-4628-83ec-c1e24ca63ef6,Mitz,leaf,OK
49ed7591-81c5-44f7-80ba-6931b80c12bc.jpg,Bunchy top,f266b4b3-7489-4ba7-87c3-1653915b053c,Iking,foliage,OK
230af57e-5cfc-4d87-acdb-7296421da80c.jpg,Healthy,2ab46029-a0d4-4edb-b3ba-33842ba0773b,Juan Carlos,foliage,OK
e300d70c-419f-4e6a-a6ca-0f330c38b3bd.jpg,Black sigatoka,c5782fc6-639b-4d07-be4c-1241ebeb200a,Randel,leaf,OK
04a48b4b-115b-4ac2-96d4-c01c46f8ae6d.jpg,Black sigatoka,f993968c-66bc-4d76-9628-0f1b28e1e7b6,Juan Carlos,leaf,OK
1a5e7566-d028-4828-b8d4-91c6ebeebce9.jpg,Healthy,9459384b-bd64-4e68-8a0a-32b37794205b,Mitz,foliage,OK
44a732fc-bccf-49e4-add2-2cd3e8fea3a0.jpg,Black sigatoka,4ad9afde-b707-4714-b599-c5362cc1faff,Juan Carlos,leaf,OK
3044f243-bfb2-4bc7-be1f-87f2cde7c0b8.jpg,Healthy,7307041f-91f2-49d5-acff-09a43a3a7701,Juan Carlos,foliage,OK
c2609a1f-7f28-4474-bc2e-53712ff4f9f9.jpg,Bunchy top,74290cdc-5fd6-4edc-aeaa-69ff7acf64c1,Mitz,foliage,OK
24167adb-0b39-463f-9aca-7a8d901466d2.jpg,Bunchy top,Tree2 -Bunchy Top,Mitz,foliage,OK
a9dcf3af-bfe9-4419-a25e-37c9e9a977a2.jpg,Healthy,9d9bd810-073f-4cfd-9120-c6fe11da9d94,Juan Carlos,foliage,OK
da0b132b-649f-4df9-b547-5536d491995b.jpg,Black sigatoka,Tree9 -Black Sigatoka,Mitz,foliage,OK
274331af-4df1-4661-a710-742529d39dce.jpg,Bunchy top,BT,Mitz,foliage,OK
3ae13e87-aa3c-472d-82d7-f0fe11f08296.jpg,Bunchy top,5a175ad9-a535-4b50-8305-29b095ac17f0,Iking,foliage,OK
f3f39e80-8b04-402f-8030-fe112fd4b0ab.jpg,Healthy,db55952b-9ec8-403d-96a1-55e47e453c50,Juan Carlos,foliage,OK
b22433e3-42db-45b5-893d-feda3bbd2e34.jpg,Healthy,9ab650f8-c1cb-41a2-995c-85372e08023a,Mitz,foliage,OK
9a7e233b-dbb9-4caf-ac3b-a694d0222a32.jpg,Bunchy top,5dd8dfe1-3334-4320-9b61-ae2daf016b45,Iking,foliage,OK
4b8711a0-43a8-4edb-b5a0-6bbb2361e4b6.jpg,Healthy,ae46c749-9f60-4be8-97b3-ff39158aa8b6,Juan Carlos,foliage,OK
fd1a7dd4-378f-4ff4-939b-77cff412ff4b.jpg,Black sigatoka,bde416de-0be5-4d6c-b069-c9e98dad8882,Mitz,foliage,OK
3ff26736-ac67-4ffa-a245-8394b95356b8.jpg,Bunchy top,BT,Mitz,foliage,OK
83bdb320-f7e3-41e3-9370-2505e7b180f8.jpg,Bunchy top,162fc812-8caf-4c17-81e5-fe0a2dc48d29,Mitz,foliage,OK
ef588df6-851c-4925-97f9-deffef447fba.jpg,Black sigatoka,71980aa9-f524-4565-b390-e17f67671e60,Juan Carlos,leaf,OK
57cb52f5-dac1-4cb0-9f6b-f29f63b52d12.jpg,Black sigatoka,156fda74-cfb8-48b5-aaae-fe65979823ab,Juan Carlos,foliage,OK
0e67a991-7ddb-40d1-9976-e7b417235df7.jpg,Black sigatoka,56f863ce-13a5-47eb-86a7-89358debe7c4,Randel,leaf,OK
ec439bc1-367a-466a-be79-de5aa9988cce.jpg,Healthy,6c1fa408-e0ff-4a59-897a-342d28422203,Mitz,foliage,OK
5ab18b83-ea25-470b-832b-1d9dbef9a509.jpg,Healthy,84746cd4-cac8-4e70-bd5a-07006e39919e,Juan Carlos,foliage,OK
3ad5fe91-2855-4854-b269-31bd4ff9de94.jpg,Healthy,f978d282-b55b-49a6-8b96-2d49940dddae,Juan Carlos,foliage,OK
0a15b1c9-1895-4ff9-9bfe-b0510709414a.jpg,Healthy,ae46c749-9f60-4be8-97b3-ff39158aa8b6,Juan Carlos,foliage,OK
3086b407-f0a7-4fbb-930d-94187d47c977.jpg,Black sigatoka,e238bd35-6133-4398-8679-7979ffda18ab,Mitz,leaf,OK
b8f1ff76-e905-4f0f-b91b-1ea4443d7514.jpg,Healthy,c9eeb832-0d10-4db4-9f72-0747e2587328,Juan Carlos,foliage,OK
95f15a8e-88f0-44dc-90cb-8b45eaf200a7.jpg,Healthy,1db602b1-17f8-44ba-82ff-11672a59cc05,Mitz,foliage,OK
ceab2f6e-033e-41f6-8448-183171906066.jpg,Bunchy top,a7519fc7-b6b3-4b63-860e-01394e073874,Mitz,foliage,OK
5c7ae054-f891-43d2-91ce-511aad7cefb8.jpg,Black sigatoka,9c732dd7-2d26-441f-9923-f30e01a8076f,Juan Carlos,foliage,OK
a9772bd8-9399-49f7-8bf4-54a33002838b.jpg,Black sigatoka,f3546350-4d3a-43df-9028-86dc9cdc413b,Randel,foliage,OK
8d2bee8a-4ee7-44a8-9094-8c035072800e.jpg,Black sigatoka,1b588729-e615-4c3e-8c4d-dfc25207a2bc,Mitz,leaf,OK
71650ad6-fe2b-4bb3-963b-0659c10e657b.jpg,Bunchy top,ece8d71c-b41c-4f93-aa53-523793d9a57c,Mitz,foliage,OK
9bdc5f31-ecd1-4843-a9ef-c32e7a1c5154.jpg,Black sigatoka,3c20b67c-2d7f-4bca-b908-f6b23e03c2c2,Juan Carlos,foliage,OK
dea22ea2-099d-40d5-88e5-d26601140260.jpg,Black sigatoka,c0b7626c-a454-4354-a622-1528e4fbbcc2,Juan Carlos,foliage,OK
2c9e8512-622c-4133-8c28-46d1ef7b5f97.jpg,Bunchy top,be8dedba-b2b3-44fd-944f-b5293da2d089,Mitz,foliage,OK
4a9311b2-0cf2-4ae2-9648-5a78332e6c85.jpg,Healthy,197b2b4d-4207-47f8-9201-cdd596d37986,Mitz,foliage,OK
1a6ef975-7017-42dc-9c55-e8ee98dee43a.jpg,Black sigatoka,Tree9 -Black Sigatoka,Mitz,foliage,OK
ed35d462-827a-47c6-bdff-93daa9556766.jpg,Black sigatoka,ac164b51-534b-4281-8496-4d08db5a4603,Juan Carlos,foliage,OK
5e0392a1-01a7-4a41-abee-6abeee736fe5.jpg,Black sigatoka,3c20b67c-2d7f-4bca-b908-f6b23e03c2c2,Juan Carlos,foliage,OK
e8052b08-afca-4308-a393-8b08a5c35b22.jpg,Black sigatoka,60268cdc-b153-4308-8c3c-d7df87fef9eb,Juan Carlos,foliage,OK
fa40c19e-55d2-42de-9a5f-afa4e316a263.jpg,Healthy,a2591d0c-1afd-46f6-955c-df00192a7b5f,Juan Carlos,foliage,OK
92348dcd-17e1-4bf9-b6dd-feea81a07f2a.jpg,Healthy,4ceee0be-96cb-496a-8b77-69c84b66420b,Juan Carlos,foliage,OK
99308db4-1b1b-47b0-8030-d72ca49a4eaf.jpg,Black sigatoka,41372fa4-5f14-4a4e-8c34-f7135a602ed9,Juan Carlos,leaf,OK
858aaeac-cef3-4701-8967-5a52b5d905a2.jpg,Black sigatoka,7657dd87-1306-43ba-bc40-c0f710e49a1b,Randel,foliage,OK
30b2cfdc-5b4e-4eb2-8ea0-66c4a479a1b7.jpg,Healthy,32ed3129-0fc0-48b4-ac78-06a8a64adda4,Mitz,foliage,OK
5c901abd-8c4c-4726-9bf4-70e86dddd000.jpg,Healthy,f30302d2-2de2-4135-8c31-0d1481806cf2,Mitz,foliage,OK
012deac3-4ca6-4663-b7ba-de1de8d03ed1.jpg,Healthy,ac8aa0a8-6f3b-4761-87db-cbe4c4c96c54,Juan Carlos,foliage,OK
f9115126-d0bf-4675-9ae8-9f6e0fbc7bbc.jpg,Healthy,1db602b1-17f8-44ba-82ff-11672a59cc05,Mitz,leaf,OK
515b5dc9-2627-44ff-a2e1-83b37d289c8b.jpg,Healthy,c5e917fc-013f-4b01-96fa-b646f5f785bb,Juan Carlos,foliage,OK
136ea5d3-5bc8-4e8d-80ac-65ef6a792f55.jpg,Black sigatoka,f1f30fdb-9593-476a-bffa-f7c28e343b64,Juan Carlos,foliage,OK
ba221e44-89d2-44d7-ad44-e3b84cccfec1.jpg,Healthy,e9265755-1a10-4676-8d7b-c84dcf62a7ea,Juan Carlos,foliage,OK
08369d49-9eed-44ca-876b-29a07f8c5f9b.jpg,Bunchy top,82411322-49fd-4726-a3d0-304688cdaae3,Mitz,foliage,OK
105a5c87-d216-48b7-a158-8384fb6f9ba1.jpg,Healthy,30e4b9aa-a1a3-44a7-8d2e-6724fc182aee,Mitz,foliage,OK
594770a9-7f7c-4582-87ba-139749b4b1e8.jpg,Healthy,84c1bf5d-77b7-4ac7-b3ae-9ec344c5afd3,Juan Carlos,foliage,OK
1e862c2c-e541-43d0-931c-d029cc111290.jpg,Healthy,c75ba096-f184-4213-9cb1-e978d4879e15,Juan Carlos,foliage,OK
17e5d6f1-45ba-4f4b-85d3-2502a03a809f.jpg,Black sigatoka,c6e0e0d2-c31f-4380-ad57-79a7607dd798,Juan Carlos,foliage,OK
a0ef3899-b97f-4bad-a432-5b43f887d20e.jpg,Healthy,205b0b0f-b5d8-4f07-88e7-32b7be6512e7,Juan Carlos,foliage,OK
193249c3-5615-48b0-b7c6-f17585312632.jpg,Bunchy top,d38a0733-428d-4f33-a59c-8b4bc4378fa7,Iking,foliage,OK
f8d33b8f-1899-45fb-aa63-ecbb6e91d7b0.jpg,Healthy,011599d1-ea59-4ad1-ba31-e188802c70c3,Mitz,foliage,OK
40ffd22c-12d1-4129-9b63-dc49072855d0.jpg,Healthy,ac8aa0a8-6f3b-4761-87db-cbe4c4c96c54,Juan Carlos,foliage,OK
6595fdf3-2741-43e6-a360-9b86d89142a2.jpg,Healthy,9073715b-e0fc-4d39-9cb2-28e2a4b6f5f2,Juan Carlos,foliage,OK
a42a0469-0b79-488d-827b-33336ecea64b.jpg,Healthy,18ef53fd-7b9f-4012-be2a-7e9282f583eb,Mitz,foliage,OK
9f004593-30bf-4933-ad6d-4bc4fdd40583.jpg,Healthy,9899684e-1af0-419a-a763-1f7647108437,Mitz,foliage,OK
b42b5e1f-0bfc-47d3-8a5b-cf92b5cc6ee9.jpg,Black sigatoka,f3546350-4d3a-43df-9028-86dc9cdc413b,Randel,leaf,OK
5d8436d4-bc63-4de0-b346-7145f1b6893c.jpg,Black sigatoka,ac164b51-534b-4281-8496-4d08db5a4603,Juan Carlos,leaf,OK
75107a82-ff2b-4675-b5db-fe94e7ea4c6a.jpg,Black sigatoka,45773803-b36b-4a75-9738-8f3a2d8f50f0,Juan Carlos,leaf,OK
78ce52af-a7cd-4fd2-a633-d1f784eff09c.jpg,Black sigatoka,e238bd35-6133-4398-8679-7979ffda18ab,Mitz,foliage,OK
b8db5aa7-5718-495c-a8ce-59a0332030fb.jpg,Healthy,a4d02061-48f6-44e6-b9bd-ce7cb19e81ec,Juan Carlos,foliage,OK
54896245-031a-4098-8f6a-93296779cc19.jpg,Bunchy top,cea0ed66-c36c-4d61-b54c-92f8d1b22597,Iking,foliage,OK
8e242baa-672e-4c96-b66e-a050fae3108e.jpg,Healthy,70d612bd-ae8b-4334-a9c1-e178909a0be3,Mitz,foliage,OK
072178e7-998b-4cdf-af0e-02dbc5d73b56.jpg,Black sigatoka,0cd323ca-1a72-44a5-bdee-0743f9a3a8d8,Juan Carlos,foliage,OK
4518b05b-4a66-4438-b9a8-53c2c65705da.jpg,Healthy,eccde2fd-4a6f-474b-a9e5-7065e2df2c81,Juan Carlos,foliage,OK
ccd5771a-7d0e-4ae8-98ea-af4360613d41.jpg,Healthy,990b1a6c-5b42-427a-aa09-1505970fa9d7,Mitz,foliage,OK
352893e3-b1ac-4f00-bd1a-41edd01b716a.jpg,Healthy,08bc95a7-f515-440c-9b4c-f66e89b12b41,Juan Carlos,foliage,OK
dcc0a62b-6775-437f-9416-37d1d7cee10b.jpg,Black sigatoka,c5ee10d6-c8cc-4852-af37-4dd7c4c02873,Randel,foliage,OK
75d971b8-dfe6-4a33-b98c-0c99ba79915c.jpg,Black sigatoka,a8b83b5a-25f7-4cda-a701-0e6d066279b4,Juan Carlos,foliage,OK
6843dc40-b3b4-4db9-8ecf-fffcbd5caeb3.jpg,Bunchy top,b4e84355-94ff-442e-95bd-a7d600da3b0e,Iking,foliage,OK
5188cc7c-bbfd-481e-9ba0-d32df5ff787f.jpg,Healthy,9459384b-bd64-4e68-8a0a-32b37794205b,Mitz,foliage,OK
77832d2b-09c5-406e-bd36-7b3ae812d2af.jpg,Healthy,242a0587-5dcf-4f38-878c-717dd3fa94f4,Juan Carlos,foliage,OK
1f7bef8a-2842-4a81-9a9f-0df76081773f.jpg,Bunchy top,ae00b2f0-f2f1-4e9f-81f7-4ef4365479ba,Randel,foliage,OK
f28a8cef-f257-4137-aa48-eead22d4a2dd.jpg,Bunchy top,86b5d4b1-89fd-47d4-8b04-81f6fcc0f579,Iking,foliage,OK
ba8ab367-a5bd-4cb7-bf8c-d85ac554a0f9.jpg,Healthy,1e196985-2057-4856-9ae5-5ab7e138855d,Juan Carlos,foliage,OK
2896d3b3-5319-4fba-9988-351af5268091.jpg,Healthy,096ec148-0926-40d3-9d05-ed5f64544764,Juan Carlos,foliage,OK
1001812f-e7ac-4a99-9686-8439d8a8c086.jpg,Black sigatoka,b977bebd-6e92-4521-bc02-61b9843648bf,Mitz,leaf,OK
76ebb3ad-5d67-4ef9-ac66-5cc223fa6d97.jpg,Bunchy top,3023658b-61b3-49d7-b786-e292a16060bb,Iking,leaf,OK
7925b259-ed9a-4f32-9b93-b7253af9024f.jpg,Healthy,e79b1749-32e3-4c70-8e25-0f3a00f2b41d,Juan Carlos,foliage,OK
2b1992be-11bb-4742-926f-2b2ec80bf2a7.jpg,Healthy,9459384b-bd64-4e68-8a0a-32b37794205b,Mitz,foliage,OK
24c77d77-5fcf-4c63-9a60-49504fec0c6a.jpg,Healthy,d4ab2486-e855-4cfe-a937-dc19a2174c16,Juan Carlos,foliage,OK
70f8904b-548b-40ad-a693-63fb89c18eca.jpg,Healthy,5ed492d4-1319-4476-b381-d69cc91d69ad,Juan Carlos,foliage,OK
7063f187-453e-42bf-9a39-de9b6f2af3f7.jpg,Bunchy top,fe76f10b-3c41-4f7c-8224-b405dbb1937f,Iking,foliage,OK
d61a047f-f840-4a2b-a16c-33c29ead78ea.jpg,Bunchy top,501eceac-35b6-4020-9f01-176ece3f812a,Mitz,foliage,OK
887893d2-ccd1-4563-b3d4-8f06cd1acc31.jpg,Black sigatoka,868cd18e-65f3-44de-a208-54fb05550f43,Mitz,foliage,OK
0feb7d2b-c680-4f04-8893-4c947833ba34.jpg,Bunchy top,9888bc5e-11d5-4bba-b695-a3235fe47704,Iking,foliage,OK
18c406a1-dc5b-4f7a-b4e0-779840f46207.jpg,Healthy,6c1fa408-e0ff-4a59-897a-342d28422203,Mitz,foliage,OK
456cc4f4-9b9c-4755-a8eb-e5d79a2e0974.jpg,Bunchy top,c3ccc6da-e123-4ae6-bc59-60963ce3fe68,Iking,foliage,OK
b0fa05cc-90fd-4180-89f1-4206a0370d46.jpg,Bunchy top,7e27d7f8-58c5-4d8c-a7c4-7665a8a42ca3,Iking,foliage,OK
afbfe395-04fa-4272-be5d-5927b5a08dc3.jpg,Black sigatoka,18b85f1c-8eab-498f-9ff4-7e567f09e360,Juan Carlos,foliage,OK
9f2a6d9b-fcda-44c1-b1c5-a9d3d6c7e8d7.jpg,Healthy,80b324e1-7574-445f-a013-9494e8b01d69,Juan Carlos,foliage,OK
41f43d31-0a56-40e7-8488-08e5404c1789.jpg,Healthy,8ab88de0-1ea5-4019-b652-40b141e6981e,Randel,foliage,OK
bf28de3e-ddb9-4676-a804-e3deb34217d4.jpg,Bunchy top,f2679c78-8766-4bc0-96e2-206fc16b9cdd,Iking,foliage,OK
0bdd43ad-328d-4ac1-918e-0a3e93bf27a9.jpg,Healthy,5ebf218c-56d3-4614-a8dc-7a5177529909,Mitz,foliage,OK
a6728cea-a292-4c23-b401-d4e90a558cc7.jpg,Black sigatoka,0455221b-7b3d-48d5-9a5b-9697111058a5,Juan Carlos,foliage,OK
df6a7425-592b-4a28-8b50-807eb2f9a5cc.jpg,Healthy,0fa80fef-7d5c-45f4-ae04-273ea0c39874,Juan Carlos,foliage,OK
a0baf9f6-7f3f-449d-a910-cd79331466d8.jpg,Healthy,c2544fff-c0e8-4d87-8acb-f333087a46f2,Mitz,foliage,OK
3c8d439b-f031-44c0-ab7a-8767af3806ca.jpg,Healthy,0643db6c-b6fa-4123-bd01-a43afcfad36e,Juan Carlos,foliage,OK
a913b7c1-5423-4fea-aa71-2d6cbd1df198.jpg,Black sigatoka,fe6cf2ea-0e01-4039-81eb-d850634d9460,Randel,leaf,OK
b8a68f03-daba-457d-a038-4a7d27ff0b77.jpg,Black sigatoka,4a1d05a4-3f67-487f-9f37-57415333e6c3,Juan Carlos,leaf,OK
1b93dca4-ae50-48e0-a335-373fba2dbf99.jpg,Healthy,16b4189e-09bc-4a2c-bd82-4964e7308e00,Juan Carlos,foliage,OK
842463f1-3350-4bae-9607-9a013f2fadaa.jpg,Bunchy top,df5d02f4-a36d-4fbe-91c3-108c430c9390,Mitz,foliage,OK
6ec05a3e-2d27-4bc9-922c-50789c67587f.jpg,Healthy,fddef29b-a637-461c-a5ac-d1debaee6848,Mitz,foliage,OK
3cd47cfe-b837-46f1-80a5-b82ed142bdeb.jpg,Healthy,c2544fff-c0e8-4d87-8acb-f333087a46f2,Mitz,foliage,OK
49038913-223c-4a84-8668-044c33b92643.jpg,Healthy,3cce2c0d-041c-4a2e-b823-fbd682adeac1,Juan Carlos,foliage,OK
5f5a0701-c114-4e3b-8b13-eb53d5fe8255.jpg,Healthy,9a2fb75e-c35f-41b4-b43a-615689e6be36,Juan Carlos,foliage,OK
34ec0c2d-e26d-4289-a028-fd614905c0f5.jpg,Black sigatoka,4885df8d-19c3-4de7-b153-38951cc8d6d3,Juan Carlos,foliage,OK
fe8d9bcf-bb01-4475-b07f-1bb82cf5cfe8.jpg,Healthy,e8c2722d-f4c8-44ed-a367-f5b303333779,Juan Carlos,foliage,OK
057f879b-6bd8-48d9-af71-de393d4da980.jpg,Black sigatoka,7657dd87-1306-43ba-bc40-c0f710e49a1b,Randel,foliage,OK
e7105c63-017c-4f08-a838-fd43ba044aeb.jpg,Healthy,cfa00e7f-68c0-44ed-bfe7-231a6d0f8cc0,Mitz,foliage,OK
63839e3c-41ca-4519-87f1-bbfe435f44d0.jpg,Healthy,a37bd547-3072-43c3-bc18-37e253893641,Mitz,foliage,OK
3918eaf4-5a5b-4e1d-b134-76cfa4d5af73.jpg,Black sigatoka,bec0c4ee-8f3a-4c87-b46c-af6f58421acf,Mitz,leaf,OK
fab9375f-0e59-4cbc-b9a1-ee5e06e9aee4.jpg,Healthy,f89c399f-a47d-41b9-b264-844e5152e10d,Mitz,foliage,OK
4830733c-8be4-4596-8b18-5fb88e245ea5.jpg,Healthy,b7e65533-7c62-44a7-8826-a1274992e9d8,Juan Carlos,foliage,OK
76120e29-c965-4d7f-8555-7176b8bb19a0.jpg,Healthy,9b76b9b3-f858-4cbf-bda4-3498d840fad8,Mitz,foliage,OK
4a4f12e7-0431-438d-b770-af28ffb8b352.jpg,Bunchy top,Tree4 - Bunchy Top,Mitz,foliage,OK
c9713173-480f-4806-a833-fd5ebe9ce925.jpg,Black sigatoka,fe440104-64a5-40ee-8543-5fc4da1b5668,Juan Carlos,leaf,OK
2054a645-b7f3-45cf-bbdd-96841ce86d39.jpg,Bunchy top,9b1c4a32-eebd-404b-8348-7294b52bcb83,Mitz,foliage,OK
3d14c086-94b5-438e-b292-40c52cd867f5.jpg,Bunchy top,e1114e5d-2624-42f0-9a41-845a9d05b529,Mitz,foliage,OK
360fe10e-1919-46ab-b3bd-07995a65fcc1.jpg,Healthy,8016fd9f-ad4b-4850-8dbc-357feb95dadd,Mitz,foliage,OK
98afaa16-d5f4-4f4b-b1ae-2aeda8ac9799.jpg,Black sigatoka,e8a59bc6-1432-447b-ad5e-01f79144532a,Juan Carlos,foliage,OK
bde64fe1-9752-49a3-92e3-8f989bd78f3c.jpg,Healthy,50e342ac-c8b6-46d3-be6c-7a9174cbc6f6,Juan Carlos,foliage,OK
cfbae403-f189-4ff4-adf5-3a21c9d1759a.jpg,Black sigatoka,41ffe995-8ac2-489b-be57-5b2d54cea733,Juan Carlos,leaf,OK
51bce549-c676-4a88-93fe-c8bd3e466c18.jpg,Healthy,3a3617ac-f064-41fc-abc4-f83ad4e1cc80,Juan Carlos,foliage,OK
2c71c107-1118-4b3a-a9b7-6c616862d7b2.jpg,Healthy,84c1bf5d-77b7-4ac7-b3ae-9ec344c5afd3,Juan Carlos,foliage,OK
37eaf5b7-73d4-4c11-9c16-b8bad64e01c1.jpg,Black sigatoka,Tree9 -Black Sigatoka,Mitz,leaf,OK
b8b7139b-7eab-4ed2-a0a8-f578e475390f.jpg,Healthy,dedb114b-42b8-448b-8052-b811de87a835,Mitz,foliage,OK
e88c7788-4b02-43d4-925e-fe0df30cdedb.jpg,Healthy,6ec26887-b6db-48ce-9a09-ee3d924ca9af,Juan Carlos,foliage,OK
7d60fcef-d3f0-42bb-9947-4a3b74f19568.jpg,Healthy,3887a478-7559-44f2-af3b-3b31fa67dbfb,Juan Carlos,foliage,OK
707cc89f-dd5c-4354-a4a0-714270a54ba1.jpg,Healthy,754fe845-3e80-41ae-b5a5-c50e694a321b,Juan Carlos,foliage,OK
870aac70-ddbb-46c8-8717-1c5a3fa37230.jpg,Healthy,ba1e4ce8-4e9a-48ee-98fd-71fe2ff1f0a6,Juan Carlos,foliage,OK
a2f67666-5c4b-4cef-8786-abfd1b2df2aa.jpg,Healthy,2a475a28-84f4-4ade-9299-982e07929c5d,Mitz,foliage,OK
88cf79c5-de00-4249-b9ef-5198078f969d.jpg,Bunchy top,31a15693-ac27-4fc9-94fb-04f0dc28c759,Mitz,foliage,OK
c06b8c5f-7fe6-4b59-9d6d-000de10a0e58.jpg,Black sigatoka,6e20e8cd-7f82-4ade-b8e2-d63d5a99d9e5,Juan Carlos,foliage,OK
39598fcf-014f-472b-ba08-a3cd356891f7.jpg,Healthy,865e9f14-8d99-48c6-b12b-a921c3596379,Mitz,foliage,OK
b9566c44-eb81-4110-b0ab-c7a38da6040f.jpg,Bunchy top,a49af6bd-8c06-4016-a6e2-0c0dc56a9569,Iking,foliage,OK
97dd07d6-f605-428d-a98f-48f62a729a81.jpg,Bunchy top,041eb292-1df7-4af7-8884-fd239f4593ec,Mitz,foliage,OK
075bfd0c-9e8e-4f09-ac10-acd0771cc043.jpg,Healthy,bd50dafe-2684-4526-81db-09b8cb4b1c07,Juan Carlos,foliage,OK
291177e8-794b-4e98-97d3-ff55dfd83eb7.jpg,Healthy,da3d8f7f-689d-4cda-a14b-a9e713e578bc,Juan Carlos,foliage,OK
6d0bee1a-f779-4ed4-b9d8-e5c9d9aef5d8.jpg,Healthy,45773803-b36b-4a75-9738-8f3a2d8f50f0,Juan Carlos,leaf,OK
b343b3c7-e312-4f61-b960-89c5acfc8e57.jpg,Healthy,3cce2c0d-041c-4a2e-b823-fbd682adeac1,Juan Carlos,foliage,OK
8ac0d0fa-6a94-4d8d-a375-5b38249196e7.jpg,Bunchy top,422c6518-a726-4506-bf56-1cf5c53615cc,Iking,leaf,OK
c9b9b076-7f1b-4eda-93f8-7e792f80dea6.jpg,Bunchy top,bd9b891a-2e78-45e0-af73-1101211e6ccc,Mitz,foliage,OK
c71d7937-c2a5-4d43-a137-e168a703e243.jpg,Healthy,cca48b8d-2949-474d-a0f1-b912f1304a4f,Juan Carlos,foliage,OK
493d70cf-bf5a-4566-ac9e-26b896bdeabb.jpg,Bunchy top,b4e84355-94ff-442e-95bd-a7d600da3b0e,Iking,foliage,OK
0b71b04b-c0b8-490e-b96d-1e1db7e6b115.jpg,Healthy,f0701b90-dd82-4e55-97d8-f704dbcbb92b,Juan Carlos,foliage,OK
14151222-a1f7-419a-b369-31e09bee57b9.jpg,Healthy,286cb854-5415-4095-a564-2f7374537636,Mitz,leaf,OK
e9059dbe-66cf-4213-bfc4-b3434ea6a5c1.jpg,Black sigatoka,c5ee10d6-c8cc-4852-af37-4dd7c4c02873,Randel,foliage,OK
be28c9f8-5882-4d69-bb98-09513979c84d.jpg,Black sigatoka,0901a5f3-9a1b-4b5c-8c6c-bbb48a21d444,Juan Carlos,leaf,OK
10902ea5-040c-4462-b232-0164896347e9.jpg,Healthy,205b0b0f-b5d8-4f07-88e7-32b7be6512e7,Juan Carlos,foliage,OK
4698da61-3b30-4208-81e7-3e47f1674764.jpg,Healthy,98c04917-80e1-4129-8892-5314402fefa4,Mitz,foliage,OK
36c8fa79-faff-49bb-bf13-164a8f463f57.jpg,Healthy,0643db6c-b6fa-4123-bd01-a43afcfad36e,Juan Carlos,foliage,OK
37137414-57fa-49c4-83d6-1373fc65b85a.jpg,Black sigatoka,2ca6234c-fa18-422a-a04f-3013aa6500c9,Juan Carlos,leaf,OK
cc56805e-75b5-4a95-a5c8-42e03d5d1f37.jpg,Healthy,17a74d32-7ae7-400e-8285-251da4f03d0a,Mitz,foliage,OK
46ee88d9-0d2f-4b33-9458-9cf777f105f4.jpg,Healthy,e2908caa-3187-4fc6-9cd5-47e0c28b6cf0,Mitz,foliage,OK
432a518b-9412-4c0b-b8d5-3818b0c7c806.jpg,Healthy,679dd515-f5b8-4ff0-844c-c56077d15993,Mitz,foliage,OK
6eeb536d-1d1f-403b-9262-e93153798d12.jpg,Healthy,cca48b8d-2949-474d-a0f1-b912f1304a4f,Juan Carlos,foliage,OK
4e5c3b89-1455-4389-a3ce-8e5df2f0a856.jpg,Black sigatoka,f993968c-66bc-4d76-9628-0f1b28e1e7b6,Juan Carlos,leaf,OK
13eaf8de-a334-423c-ac16-07097ce885b8.jpg,Bunchy top,a1ac15e9-4078-4ab0-a05e-56381a753949,Mitz,foliage,OK
f1e1d5cf-2214-41ce-904d-60447104a33f.jpg,Bunchy top,b95d4a56-c313-479f-b6f7-67931f2eb1a1,Mitz,foliage,OK
0de3e5d2-b5da-4188-bd03-bc8199442632.jpg,Black sigatoka,71ce6bd3-d419-44ba-bf86-b0fec21373bc,Randel,leaf,OK
5ae65ca8-5ec5-440c-b478-7d9358b7175a.jpg,Healthy,7044fe1e-4e6c-4ad9-bb6d-e901d7fc4858,Mitz,foliage,OK
22fb3efb-a449-43dd-b805-994a3584bcbc.jpg,Healthy,73abdef2-c848-44ef-9154-5c89617949aa,Mitz,foliage,OK
fc3bbd37-3354-4eb0-bfca-367dc2a06d4e.jpg,Healthy,7647f2a2-dd59-4132-a41a-7393b1aaff90,Juan Carlos,foliage,OK
cd9e0ce6-5b74-46bb-a82c-693911eaa438.jpg,Black sigatoka,ed3aeb40-5823-43a5-ad1c-36f4eac50b8d,Juan Carlos,foliage,OK
72367b85-ed2d-48bd-8763-888278f25bc2.jpg,Healthy,0e5b0b9e-984d-4366-bc8b-002786b417ea,Mitz,foliage,OK
38b2c58c-2eb2-41d2-a7d2-09377709ae5e.jpg,Bunchy top,7370dc68-ac39-42ee-aa43-99f76c5ac9fd,Iking,foliage,OK
3bcee256-d590-4141-9909-06f4e2f80ed5.jpg,Healthy,03ce03b9-13e0-4fd5-b573-4ad7b09c7db4,Juan Carlos,foliage,OK
caf3c7e8-3453-4915-bd7c-7b992bfc37fc.jpg,Black sigatoka,f993968c-66bc-4d76-9628-0f1b28e1e7b6,Juan Carlos,leaf,OK
3a054652-8548-4485-a938-1998c2bddb7c.jpg,Healthy,bf5fa5a1-7422-4195-8895-f73722b61312,Mitz,foliage,OK
d779430d-b3d2-48e2-9874-76ec8588df80.jpg,Healthy,95dff3ce-1ee5-4b04-a832-89d88adbcfac,Randel,foliage,OK
3bb911e7-2cdf-42df-8eb6-326c79456318.jpg,Bunchy top,632e1ed7-1166-4b43-b1eb-8c30ba8e20fa,Mitz,foliage,OK
fe0af0b3-320c-40c0-b2a5-5d32c84f859a.jpg,Healthy,32cd26be-173f-4eb3-9f1e-de4232dbed4a,Juan Carlos,foliage,OK
bcad462f-9e6c-4c25-8cce-084af152144e.jpg,Black sigatoka,09a9214b-104f-4106-893a-a03f165181e7,Juan Carlos,leaf,OK
db8256a4-7a5e-411d-b62a-ea26e4388b34.jpg,Healthy,ec39c990-1bf1-4c98-ae92-f03831d88467,Mitz,foliage,OK
e1a0fed7-f052-4d3b-ae04-b2a90a422e78.jpg,Healthy,381534d9-e445-4250-804e-20bf20043368,Mitz,foliage,OK
122d9ecd-19c8-40c7-9065-8f6c5134a028.jpg,Black sigatoka,f993968c-66bc-4d76-9628-0f1b28e1e7b6,Juan Carlos,foliage,OK
8a056651-765c-4eea-b9e8-173fa102abe1.jpg,Healthy,8ea4b412-87e2-4140-ba4a-a73d8e5c1005,Mitz,foliage,OK
fce7c8c3-ac0d-48ab-bc79-c8da2552e580.jpg,Healthy,381534d9-e445-4250-804e-20bf20043368,Mitz,foliage,OK
79c7582f-e863-49d7-978b-703610b44082.jpg,Healthy,98c04917-80e1-4129-8892-5314402fefa4,Mitz,foliage,OK
6b1608ef-0ad0-4045-9161-e2afd19c86dc.jpg,Black sigatoka,02d2506c-134c-422f-8c25-2cf8c0198912,Randel,leaf,OK
c378345f-4df6-4e18-8ff0-265ea2491a7c.jpg,Healthy,73abdef2-c848-44ef-9154-5c89617949aa,Mitz,foliage,OK
842874d4-b5cf-4c7c-9e2f-f5ab5963383f.jpg,Healthy,c75ba096-f184-4213-9cb1-e978d4879e15,Juan Carlos,foliage,OK
31067114-b748-455f-9cfe-b6076b618af3.jpg,Healthy,e593fcc7-5999-450c-ae3f-f49391bea805,Juan Carlos,foliage,OK
82e12a8c-d220-4f75-b290-37ef7682857c.jpg,Black sigatoka,Tree9 -Black Sigatoka,Mitz,foliage,OK
a576deef-21c5-4cdb-a90f-a8dbefbdcbdd.jpg,Healthy,7a908cc0-eeac-4316-ab0b-3259cfe01230,Mitz,foliage,OK
370429d1-0b3f-4b38-bb1b-e350634cf447.jpg,Healthy,680a9ec5-aeea-4372-9939-f80cb77c6b88,Mitz,foliage,OK
fa40e02e-c860-439d-bb68-330129d1c345.jpg,Bunchy top,358e2f98-21b3-4205-ae2b-cdb371227e86,Iking,foliage,OK
ed101b85-2d11-456c-84d4-cbdbda455773.jpg,Black sigatoka,59604481-21ba-494f-8f47-a8b3e9006fe4,Mitz,leaf,OK
253bb218-b4f4-4489-bf42-240602873c0f.jpg,Healthy,abdeed99-5616-48a4-bd92-c84625ba4203,Juan Carlos,foliage,OK
0b185af6-45f7-4bbe-9b43-bd0ab07f5793.jpg,Black sigatoka,64603e00-6f33-43bc-9ec1-f1b6a982ad54,Juan Carlos,leaf,OK
4a27ef51-de41-4b3e-ae71-26d4f47d87eb.jpg,Bunchy top,a35135e8-b6f4-4312-95ee-44f6e05b5e94,Mitz,leaf,OK
d7c6064b-9c16-41f0-96a3-165d929b9e40.jpg,Bunchy top,db058ef4-8556-4d5d-b608-c2c91285b070,Mitz,foliage,OK
47c5aa89-b1b3-4d84-b381-45f16e22eb10.jpg,Healthy,b77cc83f-81f2-4f26-998d-8cd154c26607,Mitz,foliage,OK
aa2297a5-2ecb-4439-9590-b44c079cbb00.jpg,Bunchy top,1d7a0423-3523-4cc6-99ff-93fe7757d7ec,Iking,foliage,OK
e06e7fb0-99e6-4789-84ff-76becdd0a12d.jpg,Bunchy top,6070265f-e398-4bf3-92b2-6d2e01f42dbb,Mitz,foliage,OK
1e0ffad2-8113-4d68-9ce2-9f1b684118b4.jpg,Healthy,9133ee57-7dc7-45b4-b5a6-21181efe2afb,Mitz,foliage,OK
e89b96ce-85ab-497f-af87-fc72b18b0809.jpg,Healthy,12e53bd4-17c7-453a-94f2-aaf630897027,Mitz,foliage,OK
86626b5d-40ab-40db-9335-83d93cde4fc4.jpg,Healthy,91ae13e2-0a1f-45c3-8e0c-5b49bf646909,Juan Carlos,foliage,OK
5f845680-dfd6-4c2b-9a92-38a595335ab3.jpg,Bunchy top,a045fc94-ee76-42ca-829c-2a533fb537dc,Mitz,foliage,OK
9800cdc5-d429-45a1-be7d-ee86c2d1accb.jpg,Healthy,62c4bd75-1066-4536-9d97-7b4b98aab0b4,Juan Carlos,foliage,OK
86271be1-ae56-456e-8931-2fd960ac2429.jpg,Healthy,f69dd940-b420-4c25-9d84-5d8d84cde3ea,Juan Carlos,foliage,OK
87fcd08e-9835-49b3-afbe-d883697beb57.jpg,Healthy,ec18facf-1d07-4b0c-9f4e-c28412648e20,Mitz,foliage,OK
6bbabe5a-146c-4545-b3de-b6465dd9a264.jpg,Healthy,c2544fff-c0e8-4d87-8acb-f333087a46f2,Mitz,foliage,OK
f6a1cb93-a4a3-4acc-8290-c30beeed31aa.jpg,Bunchy top,6db98f56-3237-4d97-b599-1d24ff0bab28,Iking,foliage,OK
18953cfb-b2a4-4b3b-a336-2d3b889cd55c.jpg,Healthy,b2b874bc-8403-4df8-991c-6e5ae4f08222,Mitz,foliage,OK
57f69ce5-79fb-4341-9c7e-af0ab81a09ad.jpg,Healthy,df2abfe2-0954-461d-86d3-eacc4de668e7,Randel,foliage,OK
d5e68db0-b514-41c9-aa96-ca1a3e92c52e.jpg,Bunchy top,e482a26e-ff54-42a5-af06-17569ea311c4,Iking,foliage,OK
c0890500-b510-4d5a-82b6-be3f95762361.jpg,Black sigatoka,5e192859-e85e-4775-93a6-f7efc609bc3b,Juan Carlos,leaf,OK
63b66f27-3975-47e7-89d9-c50de2942d5a.jpg,Bunchy top,7622715a-5103-402e-9c37-45eecf5f96e7,Iking,foliage,OK
4cd892e7-3c0c-4d8c-917a-930fcb999157.jpg,Healthy,af3e0250-f5ec-4fdc-be29-90808f1c2f8e,Juan Carlos,foliage,OK
7ad6afc7-0a24-4f9d-a0c6-623e7bc6d638.jpg,Healthy,5d62b9fe-766a-4a71-9474-315278c30ed3,Juan Carlos,foliage,OK
bbfc4e98-5883-4fa6-ae2d-bfa592cb6bf2.jpg,Healthy,db2bae9a-940c-4f73-b82d-fad10095fad2,Randel,leaf,OK
bf09dfd3-d0b3-4308-a5e8-5561eb46b5cf.jpg,Black sigatoka,e8089291-a1ff-4e13-9ab6-3a0a365a9448,Juan Carlos,foliage,OK
66238596-91d1-449a-a3fa-d74adc405bcc.jpg,Bunchy top,73092e7b-f6a2-482e-ba40-32759aa9f295,Iking,foliage,OK
4e9b6106-bcdd-4e4b-8c22-1126bff281d6.jpg,Healthy,1a037fd8-de7d-459a-bd44-10c0b16d6a34,Juan Carlos,foliage,OK
fbfa1ec2-088f-4496-a1c9-292e83f0ff00.jpg,Healthy,45773803-b36b-4a75-9738-8f3a2d8f50f0,Juan Carlos,foliage,OK
330dcea8-2829-44dd-99ac-43b82651e3b1.jpg,Healthy,1c78430a-95cb-4066-aea4-e72bbbdb2f94,Juan Carlos,foliage,OK
4f8812d4-5dce-476a-ae7b-a52294856f9c.jpg,Bunchy top,3c6fca2a-60bf-4264-8c32-9c22a987028e,Iking,foliage,OK
402ec704-ae64-4280-9126-e31273811a79.jpg,Bunchy top,d17a9f57-226d-44b3-868c-9cd8c1917eee,Mitz,foliage,OK
381b7081-ee9d-4529-9063-f4243d6516c2.jpg,Bunchy top,5f3cb2e9-0b30-4fc0-8dd3-ebdb3ca6824a,Iking,foliage,OK
ccb85c53-eb90-4bc5-8bf4-5063517d488f.jpg,Healthy,9a18c256-43ff-4bb1-b661-dd959390129c,Juan Carlos,foliage,OK
17df436d-a640-46dc-b1eb-026be802623a.jpg,Bunchy top,5f3cb2e9-0b30-4fc0-8dd3-ebdb3ca6824a,Iking,foliage,OK
00ba2a71-9acd-41b9-a906-0ac6bf46c54b.jpg,Healthy,dc79d7d0-a674-4e3d-aab0-6e7397bef80b,Juan Carlos,foliage,OK
162d016d-14ed-4566-b351-30760a6b144d.jpg,Healthy,b2727f4f-fcf1-4ef9-bb53-d732783370ea,Juan Carlos,foliage,OK
5850dc51-53db-449a-8a28-53ccb7d44319.jpg,Bunchy top,6935bc06-a928-4cef-a12a-5e7e82e4b873,Iking,foliage,OK
4ca2b942-4cb2-4fe8-8cb8-3d4f55360a7d.jpg,Black sigatoka,308aa83f-ff19-42d5-b67f-d4f214fd714e,Juan Carlos,foliage,OK
aa9ff19a-b682-4291-b41a-953d068d544f.jpg,Healthy,76d380fb-cd88-43dc-8cb2-d3813343a451,Juan Carlos,foliage,OK
c8b09397-c75f-4516-94fd-35f188c19c25.jpg,Black sigatoka,541ee222-b846-4915-b4cb-6a7df95dab89,Juan Carlos,foliage,OK
72921d32-c8b2-43a0-81ea-7ce093ef79ce.jpg,Healthy,67e1f1f1-ab15-4272-a6e0-f8faf0a42169,Mitz,foliage,OK
9528f6f9-efdb-4271-afa2-cace3aacbf60.jpg,Healthy,4ab4e901-b5f7-4faf-8b71-d6c30ef3fe33,Juan Carlos,foliage,OK
150d7b42-8b23-48bd-9be4-2521c4cdc851.jpg,Healthy,02e0fb8d-3df8-408b-8780-b0d5b7e9c9d6,Juan Carlos,leaf,OK
83e1188e-1520-4ab0-8c92-4f844a322950.jpg,Healthy,f8a9f3a0-1eb1-4a31-8c7a-e99fa5c78580,Juan Carlos,foliage,OK
b4a8e053-0b45-4ac8-929a-f198d5edbe53.jpg,Healthy,b2b874bc-8403-4df8-991c-6e5ae4f08222,Mitz,foliage,OK
3bc4c33a-d5a8-42ad-81db-6e3b16114994.jpg,Bunchy top,56116c59-88f6-4f7c-aa98-18603c15a7dc,Mitz,foliage,OK
2343a07b-ee17-447f-98e5-40a1b19ad4f3.jpg,Healthy,ff4d36e2-7c66-4a64-b664-59c4c7e81a07,Mitz,foliage,OK
057c1191-a823-4e16-899e-2a45b651e53b.jpg,Black sigatoka,de899c23-282d-4d78-9d30-b021c954c9dd,Juan Carlos,leaf,OK
5e86cb0f-55ae-47e4-8e0d-a5259612cf2f.jpg,Healthy,7044fe1e-4e6c-4ad9-bb6d-e901d7fc4858,Mitz,foliage,OK
fc48ee7f-721f-4a02-b309-97bf24a9b04c.jpg,Bunchy top,24130081-f6f0-4ac2-80b6-c48e39234415,Iking,foliage,OK
344576e7-df9f-4e17-98fe-9a8899756913.jpg,Bunchy top,ece8d71c-b41c-4f93-aa53-523793d9a57c,Mitz,foliage,OK
dac22aba-d90f-4c8f-92cf-c0e8d4b73ba3.jpg,Healthy,42e00f84-398d-489d-8c7c-5bd020a34134,Juan Carlos,foliage,OK
a6bcd0aa-7cd9-48e9-b872-b2e05e607d82.jpg,Black sigatoka,5b254c62-8f95-4266-8e41-9db1c558c0e9,Randel,foliage,OK
a9f1cc55-49ea-4224-9090-909164799e6f.jpg,Bunchy top,b4e84355-94ff-442e-95bd-a7d600da3b0e,Iking,foliage,OK
bc3c4fe7-ff65-48a6-8d77-f483bb174a2a.jpg,Healthy,05bccd15-a00e-4f0b-8d74-cab12cde44b5,Mitz,foliage,OK
b4416013-9a4c-4f38-8a2a-efc7541f651a.jpg,Bunchy top,c4fd9988-5b02-4595-bf02-765b1c232693,Iking,foliage,OK
05bb615d-de30-46ec-ab34-40d186ce5115.jpg,Black sigatoka,6a14ea4d-cd91-4d96-aac4-fcd7c5235d31,Juan Carlos,foliage,OK
29abc11e-e2ae-4f99-9da4-c9ca72e3bfcc.jpg,Black sigatoka,ffcb3962-17cb-4dd3-a022-cb2eb33d602f,Juan Carlos,foliage,OK
27f30ac6-3caf-4f09-b843-dd20b69de9c9.jpg,Black sigatoka,bec0c4ee-8f3a-4c87-b46c-af6f58421acf,Mitz,leaf,OK
5ade77d7-673f-4a02-bdcf-a50a94aa1b64.jpg,Bunchy top,632e1ed7-1166-4b43-b1eb-8c30ba8e20fa,Mitz,foliage,OK
3e01172c-c472-46e3-a423-0c30ac745c50.jpg,Healthy,06314f13-b6dc-4ddc-b63a-daddd026737d,Juan Carlos,foliage,OK
569d73db-388c-4bdf-9dc2-f9e7874a0c0b.jpg,Black sigatoka,f3546350-4d3a-43df-9028-86dc9cdc413b,Randel,leaf,OK
503e67f4-4028-4c70-9afe-01b8262131b6.jpg,Healthy,fd6da992-9452-4c8f-a66b-1e30b58eff42,Mitz,foliage,OK
c7dcd234-226e-4d39-b53c-4c74f7599209.jpg,Bunchy top,73092e7b-f6a2-482e-ba40-32759aa9f295,Iking,foliage,OK
ba716ba8-5813-47ce-872e-e5db7f13a027.jpg,Healthy,197b2b4d-4207-47f8-9201-cdd596d37986,Mitz,foliage,OK
07ccede1-8b36-4873-bf70-92ee2c27c5b3.jpg,Healthy,746044ac-e703-4b12-bf51-69c49e63f4b0,Mitz,foliage,OK
482cceb0-f056-4d88-8498-86fc3af1a4f9.jpg,Healthy,a1847e02-12f6-4bb8-9bf0-994bdb086125,Juan Carlos,foliage,OK
b59d84b6-f15d-4153-93aa-d558f0ee90de.jpg,Black sigatoka,18b85f1c-8eab-498f-9ff4-7e567f09e360,Juan Carlos,foliage,OK
977ee341-9b92-4716-a5e5-080a77ea8774.jpg,Healthy,3e0c3d99-c382-4664-832e-093c55ee56df,Juan Carlos,foliage,OK
c62befcc-2fb4-4238-8da8-d8512c19a62a.jpg,Bunchy top,a2abdc8f-8935-4bbe-b640-844bd69d0eaa,Mitz,foliage,OK
1a3507da-4d51-4ee2-ac2a-244dbbdc28ba.jpg,Healthy,ed3eb54a-8120-4c51-a421-9404ff580607,Mitz,foliage,OK
d4f491e3-0940-48a9-bfce-93bb9dd46f64.jpg,Black sigatoka,03ce03b9-13e0-4fd5-b573-4ad7b09c7db4,Juan Carlos,foliage,OK
00b668ea-e4f9-41be-a115-313568f0a43e.jpg,Bunchy top,70417e3c-5f59-4ed8-bb40-2cccca101679,Iking,foliage,OK
26a444a5-839a-4dc7-8dd4-fa1f03aa04d2.jpg,Bunchy top,eca4e551-b6e2-4461-8384-e3bd40f16043,Iking,foliage,OK
287c8e0d-52ee-4f73-ac4b-5fd49193c834.jpg,Black sigatoka,35d7bc53-4fd9-4472-8295-ffc193f442db,Juan Carlos,leaf,OK
0ee36000-4273-47a6-a245-1c4d016a556b.jpg,Bunchy top,baee0667-3f53-45f8-87a0-e86820e8a381,Iking,foliage,OK
091566a1-b076-499f-8e79-10f018a19471.jpg,Black sigatoka,34b796d6-cbd1-4cb9-bd8e-803f88042d70,Mitz,foliage,OK
525312ae-27c0-4f47-9b86-03404a582178.jpg,Black sigatoka,b856d1b2-e53a-4950-b276-b93f1b30c9bf,Juan Carlos,foliage,OK
916701b0-0b64-4df2-a469-d5eab025b900.jpg,Healthy,5ebf218c-56d3-4614-a8dc-7a5177529909,Mitz,foliage,OK
71c00651-c26c-4ff0-83f2-255fe073a2d5.jpg,Black sigatoka,c6e0e0d2-c31f-4380-ad57-79a7607dd798,Juan Carlos,foliage,OK
3c14f8ec-a23d-4576-8b2c-6a5c198adb6d.jpg,Healthy,6276f358-3d52-4a98-8fe1-9ddaff45bb4c,Juan Carlos,foliage,OK
5e0b1112-c39e-4403-a1cd-c8f97ea4a730.jpg,Bunchy top,53ec5b3d-924e-4056-a193-f20257ef747b,Mitz,foliage,OK
e1461ac0-ba5c-4c0d-8a03-b73945e334a4.jpg,Black sigatoka,42bd7c52-bd81-4acb-8d56-37348cd976b5,Juan Carlos,leaf,OK
12916b13-468b-4ba6-b8fc-d9c1a6e05266.jpg,Black sigatoka,02e0fb8d-3df8-408b-8780-b0d5b7e9c9d6,Juan Carlos,leaf,OK
5bef7ead-78a7-4c48-b4d6-79f81e0b3e75.jpg,Healthy,a4d02061-48f6-44e6-b9bd-ce7cb19e81ec,Juan Carlos,foliage,OK
664e43aa-d47e-412f-987d-6c3ff32d2ff2.jpg,Healthy,f8a9f3a0-1eb1-4a31-8c7a-e99fa5c78580,Juan Carlos,foliage,OK
19d3f6a2-e353-4a72-aac2-72f7d6777972.jpg,Healthy,1a037fd8-de7d-459a-bd44-10c0b16d6a34,Juan Carlos,foliage,OK
d803236c-486b-4833-af5e-316a4a2ed30a.jpg,Healthy,5bc26972-4fce-4614-b20b-82d5d002a1e9,Juan Carlos,foliage,OK
244d5a4a-d97d-4341-a1df-a23eaeff4391.jpg,Bunchy top,65335e48-1c59-49cb-831b-3ab2f28a9089,Iking,foliage,OK
a9963d88-ffc5-4f9a-aa5e-52dfac5e21a7.jpg,Bunchy top,1e29162f-9cdf-43b3-a85f-ad6ce6d548a9,Iking,foliage,OK
e79ebd61-fead-4c4f-b696-a67e284c6fe4.jpg,Black sigatoka,Tree9 -Black Sigatoka,Mitz,leaf,OK
8c2bfffe-5d25-4b73-a561-3e90c71c1261.jpg,Healthy,cfa00e7f-68c0-44ed-bfe7-231a6d0f8cc0,Mitz,foliage,OK
a0cc395c-52e4-43f0-a684-6a113f8eb906.jpg,Healthy,a37bd547-3072-43c3-bc18-37e253893641,Mitz,foliage,OK
d0015051-ae6b-4a44-9222-febbb14ff1a0.jpg,Bunchy top,7370dc68-ac39-42ee-aa43-99f76c5ac9fd,Iking,foliage,OK
eb84a39a-d46e-4d7d-8c8c-2214640ef07d.jpg,Black sigatoka,40765656-44ed-4205-8ee4-6c1db5654e36,Juan Carlos,leaf,OK
75733c73-ec71-4af9-bbc3-a761eb373da4.jpg,Black sigatoka,b977bebd-6e92-4521-bc02-61b9843648bf,Mitz,leaf,OK
23405db6-796f-41ee-be11-62e8a5847204.jpg,Healthy,18ef53fd-7b9f-4012-be2a-7e9282f583eb,Mitz,foliage,OK
0710d768-cbdf-4b77-86ad-567bd08cb60a.jpg,Black sigatoka,4cc1519e-7589-4028-9785-2427d71e0413,Juan Carlos,leaf,OK
93385746-14e5-49f9-9e53-fb4269a10bb4.jpg,Bunchy top,ada3a501-c08a-4fe7-aa31-d6c5e74988a1,Iking,foliage,OK
7633b8ab-3603-4e7a-8734-2b70754245d5.jpg,Bunchy top,632e1ed7-1166-4b43-b1eb-8c30ba8e20fa,Mitz,foliage,OK
b124c472-24a3-46dc-ae86-07041c512361.jpg,Healthy,3b15762a-c6f2-4d56-8321-59b52bdb47c5,Juan Carlos,foliage,OK
8fe5ad1e-7b6a-4d71-bc2d-1459697c7a7b.jpg,Healthy,1e196985-2057-4856-9ae5-5ab7e138855d,Juan Carlos,foliage,OK
6489edcf-b003-4e27-a793-b90a7dad03c5.jpg,Healthy,777615f2-44d7-4875-b22c-b5be7de7c552,Mitz,foliage,OK
cbed9fc8-fdb9-4130-89a8-92eca9a821bb.jpg,Black sigatoka,8531d332-2875-48fd-9ac9-680b3a57c986,Juan Carlos,foliage,OK
e2b75297-a293-49b6-a92c-3806c60c453b.jpg,Black sigatoka,Tree9 -Black Sigatoka,Mitz,foliage,OK
06f738e9-c0ae-48d5-836a-0f0c53ae97a0.jpg,Healthy,a4d02061-48f6-44e6-b9bd-ce7cb19e81ec,Juan Carlos,foliage,OK
ffb8c38f-f05a-4cb5-ba07-36cbeb02e3a6.jpg,Healthy,6d3281d4-f573-4916-adc7-f375e511cd02,Mitz,foliage,OK
d79a65ba-fefe-4071-b663-11bf480bdead.jpg,Black sigatoka,34e952be-36f5-4c3d-8b55-3ad9f22ca40d,Randel,leaf,OK
e4faaaed-31ac-4021-ba75-7df85cd82db1.jpg,Bunchy top,aa65e07e-a6ff-44a0-8e12-302077882552,Iking,foliage,OK
b252c856-b586-4239-bead-b52625af549a.jpg,Black sigatoka,6a30e366-ce54-472b-aa02-6286e561ac24,Randel,foliage,OK
d7d3331e-6729-46f7-84f8-5ce5ee3fa32a.jpg,Black sigatoka,f8354c1e-53d1-4811-a0f6-04a5279dbbf9,Juan Carlos,foliage,OK
6f4339e9-3f33-40ea-86e7-bade66fa62d9.jpg,Healthy,d216db32-43e9-44cb-b13d-17c6c4a9a397,Juan Carlos,foliage,OK
844b6bdb-0cdb-41ec-94f1-c47bba2deda7.jpg,Black sigatoka,3a904652-131a-437e-98d7-954af23051b3,Juan Carlos,leaf,OK
984ac314-e185-4ea6-9621-d2e624c168e6.jpg,Healthy,91ae13e2-0a1f-45c3-8e0c-5b49bf646909,Juan Carlos,foliage,OK
41a8fa66-32c5-462e-9eec-94e1c89e6256.jpg,Bunchy top,35a08476-5dbc-4cc4-b3d1-5206b38368b4,Iking,foliage,OK
ef516459-d7af-4f76-9bab-18e7f5450483.jpg,Black sigatoka,56f863ce-13a5-47eb-86a7-89358debe7c4,Randel,leaf,OK
12612762-de6c-419e-b91c-e2b19040b610.jpg,Healthy,4742a79c-8ee6-4fe5-9d53-ca5608462223,Mitz,foliage,OK
71b4633c-aa03-4346-837b-6cc3ee9b59ba.jpg,Healthy,238b1316-2c6d-46b3-a526-de2d540d0614,Randel,foliage,OK
3665004e-ede9-425f-9378-7789622b8078.jpg,Healthy,1f395e3c-be04-4812-a180-d41fcfa5dc68,Juan Carlos,foliage,OK
cbc6e840-b830-4a53-824c-fc7d4b9b9f5b.jpg,Black sigatoka,41372fa4-5f14-4a4e-8c34-f7135a602ed9,Juan Carlos,leaf,OK
231580e0-f6a7-448a-a4e7-f896304a0d78.jpg,Healthy,6a555159-7cd5-4718-8596-2187eacbac9d,Mitz,foliage,OK
59bf20a9-3526-4ccc-996c-460bf4276c01.jpg,Healthy,1909f256-d2bb-4cbd-a158-3757c7f981c4,Juan Carlos,foliage,OK
e6b5f37f-ac5a-4d54-aad9-a11903701193.jpg,Bunchy top,c31a2c68-0bcc-43c1-8861-dae6e32ac35f,Mitz,foliage,OK
2f885f14-451d-4397-ab83-a02fed91538d.jpg,Healthy,9bd0337a-47cd-4abc-9e2d-d94590380fbb,Mitz,foliage,OK
1dc25aa2-b8ff-4542-b995-bb2f210a8129.jpg,Healthy,6053fc4e-8ea1-4b91-a71a-1fda7d649924,Juan Carlos,foliage,OK
cc4ea809-423e-4a8c-8b25-0b38520f68ab.jpg,Bunchy top,6172bb27-13b2-411e-82b9-d2ff359afa97,Mitz,foliage,OK
93309275-83d1-447e-a6ca-2090b1fee8b5.jpg,Healthy,08bc95a7-f515-440c-9b4c-f66e89b12b41,Juan Carlos,foliage,OK
b4f6c4ae-9871-4098-b826-b18123cd915f.jpg,Healthy,96bc60f4-7cd5-487c-b0d9-fbec960a4d5e,Mitz,foliage,OK
cfd40fc7-a302-4850-96e3-4111e9f9c554.jpg,Healthy,3468a492-f8ff-4cab-999e-187336aefa4a,Mitz,foliage,OK
8f5d41ea-f5a5-40e0-865e-740a78de82ab.jpg,Healthy,48a26e16-d7ec-4061-ad78-7fe88415b0a3,Juan Carlos,foliage,OK
4067192c-26ba-4f98-a0d2-01a2b1f268c3.jpg,Healthy,14fcddfe-f95a-48fd-92b4-9b0a073a9bb8,Mitz,foliage,OK
7c4a77f2-49ed-4b5e-a4f7-d1b3a4d4d881.jpg,Bunchy top,3dc9a470-5818-46c2-9f70-90dbb9c9276b,Iking,foliage,OK
c2243f2e-0c48-43b4-80a9-52136f3c6fe4.jpg,Bunchy top,3de56587-b444-4628-83ec-c1e24ca63ef6,Mitz,leaf,OK
a76a9b19-0501-41a7-87c1-9d77ffa0afdf.jpg,Healthy,8a140420-6434-428a-bf16-0373a084a78c,Mitz,foliage,OK
f8d6d2dc-c931-4cc0-be6e-3c0bd1cc6d59.jpg,Bunchy top,24130081-f6f0-4ac2-80b6-c48e39234415,Iking,foliage,OK
54eed3db-b666-4913-91ba-19b116666501.jpg,Bunchy top,2438147c-35cd-4bc0-98c9-717e93972625,Mitz,foliage,OK
670cb535-b2b5-4aa7-9513-9e6aa7db86b8.jpg,Black sigatoka,56f863ce-13a5-47eb-86a7-89358debe7c4,Randel,leaf,OK
260ede53-4b23-4986-a567-08f7835eb05a.jpg,Healthy,b7e65533-7c62-44a7-8826-a1274992e9d8,Juan Carlos,foliage,OK
5375adcb-9aed-49c8-a3fc-10d1fc875a8f.jpg,Healthy,679dd515-f5b8-4ff0-844c-c56077d15993,Mitz,foliage,OK
fa47c020-d7a8-48ef-b338-353e712c4878.jpg,Healthy,bed76213-f035-45e7-ac41-2c0e818c6c0b,Juan Carlos,foliage,OK
1699b9bd-0508-4e21-a04b-9ad00a12d772.jpg,Healthy,db3d90a5-9d1f-42cd-8b5d-4e569ef32416,Mitz,foliage,OK
b6f05e54-71f4-411d-a11e-1ea07ad1573c.jpg,Healthy,d2801d92-7508-467c-9a3b-3530cd3442a7,Mitz,foliage,OK
69b2e5e3-b1c7-405e-bf8b-85e94db09a50.jpg,Healthy,41372fa4-5f14-4a4e-8c34-f7135a602ed9,Juan Carlos,foliage,OK
e0d6d2a3-43ed-4da8-a44f-da33b713e5ca.jpg,Black sigatoka,3d816b67-2d42-4f8a-a32b-6992ed670d1a,Randel,leaf,OK
b38607b6-6e91-4c57-b567-2467b6cf91e5.jpg,Healthy,91b2e492-7489-4d6c-a33c-f1247569effc,Mitz,foliage,OK
cb903261-9368-414e-9468-b9d34ba8a63d.jpg,Healthy,d92cae6d-45d6-427b-950f-9c5c7d04b5dd,Juan Carlos,foliage,OK
5818804d-bde7-411a-8162-44d291a3ecf2.jpg,Healthy,62c4bd75-1066-4536-9d97-7b4b98aab0b4,Juan Carlos,foliage,OK
d9e9705b-e263-4db0-8e79-4cbc111be528.jpg,Black sigatoka,782f089a-397a-4d97-8515-a6862c6e68a3,Juan Carlos,leaf,OK
7c6ce477-ced0-4bd1-a63f-703bdd92ded1.jpg,Healthy,84746cd4-cac8-4e70-bd5a-07006e39919e,Juan Carlos,foliage,OK
b311156f-0832-4946-9550-68c2909859fc.jpg,Bunchy top,6cf2ae9e-de66-40f8-a49d-e43a9913adf4,Randel,leaf,OK
2cc7c714-d0bd-4a28-a987-559543fbbd25.jpg,Healthy,02e0fb8d-3df8-408b-8780-b0d5b7e9c9d6,Juan Carlos,foliage,OK
1cca7e13-491e-4651-a694-5f15987fa7c2.jpg,Healthy,6ec26887-b6db-48ce-9a09-ee3d924ca9af,Juan Carlos,foliage,OK
8b2eecd2-44fd-4019-9338-a4690b00e68e.jpg,Healthy,b3a6b6d5-03fb-4eec-9a2e-cdacc972bca5,Mitz,foliage,OK
0b960797-2f0e-4c3b-b8fc-97aa4242a7d9.jpg,Bunchy top,35a08476-5dbc-4cc4-b3d1-5206b38368b4,Iking,foliage,OK
caaf1486-c457-436a-9192-3c354019a1ed.jpg,Black sigatoka,3e306c8f-8520-4f94-b846-ff8d1edcf8dc,Randel,leaf,OK
e5edf90d-bee7-4d64-a422-da364733e7e4.jpg,Healthy,f89c399f-a47d-41b9-b264-844e5152e10d,Mitz,foliage,OK
d2117b15-dc51-4dd0-b31e-a5ffd53561a3.jpg,Bunchy top,99cd0f9e-ce19-4848-88b8-79f0332301ff,Iking,foliage,OK
7fab51ac-abbd-4a92-980c-cbae2f79f703.jpg,Black sigatoka,41372fa4-5f14-4a4e-8c34-f7135a602ed9,Juan Carlos,foliage,OK
448593d7-64c1-4495-b83e-f64a7fb3d3a4.jpg,Healthy,a5857c0b-3a9b-4912-be39-1c8248e0eb4c,Juan Carlos,foliage,OK
180f7f83-13ba-491c-98d2-40550406c0ee.jpg,Healthy,7044fe1e-4e6c-4ad9-bb6d-e901d7fc4858,Mitz,foliage,OK
c1f10f7f-7e26-499e-bbeb-0c25948cdd4e.jpg,Black sigatoka,49267ca6-7b8f-4bed-b73d-8bd3aad9643a,Randel,foliage,OK
b48cdf21-e915-4abc-a8c7-97b8b58ed173.jpg,Black sigatoka,1a86ade7-8730-4ac3-a7b0-1033afc7defc,Randel,foliage,OK
21520b9d-8913-42c5-809d-126b81883a6e.jpg,Black sigatoka,67e88a61-db5e-42e7-b898-51267045b452,Juan Carlos,foliage,OK
d0b668bb-5eda-4cfe-a708-8cc82aa9c9e4.jpg,Healthy,3468a492-f8ff-4cab-999e-187336aefa4a,Mitz,foliage,OK
4d5fc80d-cbe8-4e30-89e8-b5edd0e29d18.jpg,Healthy,08f6d613-b348-4a46-a6d4-d3a198a37a5f,Mitz,foliage,OK
f099a4b0-30f8-4216-80e2-8df1e0619041.jpg,Healthy,9696b98f-348a-4bcf-ba68-3302a7ec8770,Juan Carlos,foliage,OK
5ddfbc85-063e-48f7-9d38-2a12b0f7df70.jpg,Black sigatoka,4885df8d-19c3-4de7-b153-38951cc8d6d3,Juan Carlos,foliage,OK
968fceee-9505-4acb-a335-89137ee3bd1f.jpg,Black sigatoka,b84dbbc4-cf77-4f5b-b5da-5f13e7c978cc,Mitz,foliage,OK
892eac27-4a35-4bd7-a79c-d7e8ba20f14a.jpg,Bunchy top,78522941-6c18-4261-a1c2-50078f7af92f,Mitz,foliage,OK
9c5b6918-2f41-4d4d-94ab-13f22f91bcbf.jpg,Black sigatoka,23ba8d09-6799-4096-927f-5f76c5b88536,Juan Carlos,foliage,OK
20233c1a-a5cb-4587-bbae-de838034df96.jpg,Bunchy top,e974e530-502a-47a6-9237-f7766486756a,Iking,foliage,OK
f235232a-851b-4ec8-b594-71efbc984546.jpg,Healthy,cdc31d2d-a887-48fb-8f0e-38da053bb0eb,Mitz,foliage,OK
eb4c7653-cd69-47d2-bffb-0c2bace0bc7d.jpg,Healthy,ef7b70ec-8cb9-4a5c-b86f-9e4ed831369f,Mitz,foliage,OK
d059b6c9-fd93-4487-b8a8-bbc9e48e97f6.jpg,Healthy,286cb854-5415-4095-a564-2f7374537636,Mitz,foliage,OK
6af2f644-e00e-40af-a558-11f04ef4aa77.jpg,Healthy,cca48b8d-2949-474d-a0f1-b912f1304a4f,Juan Carlos,foliage,OK
c9b185bd-1ac5-4bb8-9668-c59c9db1fc31.jpg,Healthy,67e1f1f1-ab15-4272-a6e0-f8faf0a42169,Mitz,foliage,OK
6e358a34-4434-4659-9f07-b897858171de.jpg,Healthy,e2908caa-3187-4fc6-9cd5-47e0c28b6cf0,Mitz,foliage,OK
6965eb3d-433c-435a-aca2-1acd753e1cb6.jpg,Black sigatoka,3a74e6b7-60c4-41b7-acfd-5e2e826175e7,Randel,foliage,OK
c7ea7025-fa23-4bb8-88d8-62ea80e0c702.jpg,Healthy,3468a492-f8ff-4cab-999e-187336aefa4a,Mitz,foliage,OK
6702f1cd-a584-40e4-9c4b-07e5306c779c.jpg,Black sigatoka,729067e9-6a67-46ba-847d-8ffaf1334443,Randel,foliage,OK
8566718e-73c9-4570-b90d-d5d56cde1318.jpg,Healthy,fd6da992-9452-4c8f-a66b-1e30b58eff42,Mitz,foliage,OK
57b05668-2398-4904-a0fe-8de04a801117.jpg,Bunchy top,ada3a501-c08a-4fe7-aa31-d6c5e74988a1,Iking,foliage,OK
2e2c6806-4672-4d7f-9874-84463776af77.jpg,Black sigatoka,a165a071-33af-4326-91e0-3940c2bc6799,Juan Carlos,foliage,OK
34f47de5-fa74-4e89-81d4-8ea251806973.jpg,Bunchy top,1750471c-26ec-49b1-b6d3-ae73822fa504,Mitz,foliage,OK
41d3ab4d-04af-4d51-9a29-3d8624a1b3c8.jpg,Healthy,ad684534-2b05-46bf-ae53-9dad20de176e,Mitz,foliage,OK
85713245-5719-42ac-b4e0-d7c230354500.jpg,Black sigatoka,Tree3 - Black Sigatoka,Mitz,leaf,OK
10f4d5ba-1e5b-4af9-bdd8-1d7cf6490cd8.jpg,Healthy,280dfb16-5c42-4deb-8e3d-d0dc8b6647fe,Mitz,foliage,OK
3d34d311-2daf-41d4-875c-1f4f219c4b4b.jpg,Healthy,67dafbfd-4fc1-4bc4-9058-9c4d7720f568,Mitz,foliage,OK
62b0f89c-c1ae-44da-a4ca-60f420cc6fd5.jpg,Healthy,4a8a1f46-cb48-4394-8faf-82df7352183b,Mitz,foliage,OK
30c0dea1-75dc-4eba-b862-f10206890b43.jpg,Healthy,51d9b640-a709-4524-b52d-88496fe52a9c,Randel,foliage,OK
b57ea54e-cc42-4337-afa6-61d3cc089da4.jpg,Healthy,21cfb16b-eb23-4958-9293-b01afbc19c14,Juan Carlos,foliage,OK
66196f1b-3e2e-455c-a384-d8e56619bb9f.jpg,Bunchy top,fe76f10b-3c41-4f7c-8224-b405dbb1937f,Iking,foliage,OK
91e9614f-0cb8-4d05-ab0f-cabab72dd2cf.jpg,Healthy,821003e5-5712-4a12-8b2c-89b3948f860c,Mitz,foliage,OK
d22dbe79-97ce-4661-bacb-f829ce079f6e.jpg,Healthy,dedb114b-42b8-448b-8052-b811de87a835,Mitz,foliage,OK
296a598a-ba28-4445-8275-43cfeea56502.jpg,Healthy,6452d68c-40d7-4f1b-8e5f-3ebadf0128a1,Juan Carlos,foliage,OK
97724301-e02d-4d33-971b-83ddd0986757.jpg,Black sigatoka,5e192859-e85e-4775-93a6-f7efc609bc3b,Juan Carlos,leaf,OK
568b2e26-d59c-40ff-95eb-486aa6eb3580.jpg,Black sigatoka,Tree3 - Black Sigatoka,Mitz,leaf,OK
b4a9b1ac-e6cb-4d7c-bd9c-7cea7cfe363e.jpg,Bunchy top,d38a0733-428d-4f33-a59c-8b4bc4378fa7,Iking,foliage,OK
68f63305-f8ae-4e5f-b199-ca97b6cebd54.jpg,Healthy,8da9537b-32a1-4c88-8a1d-5af0c0a03ae1,Mitz,foliage,OK
1d5d74ff-56f5-44ca-b47c-30915f5a316b.jpg,Black sigatoka,27f21fa3-07f8-4fd9-b0b5-7e12ed9eb342,Juan Carlos,foliage,OK
6ccedcf8-4dcd-4df8-a04b-184f908de8a7.jpg,Healthy,cc8db468-2187-411c-beb5-dc211758b425,Juan Carlos,foliage,OK
369dafd7-5c19-402a-bcb0-90dd758b241a.jpg,Black sigatoka,740a41f9-3106-4396-ade2-2b66177e592e,Juan Carlos,leaf,OK
9ac3fa3c-8624-4eee-8122-dbd87a256389.jpg,Healthy,8f94d5d1-e672-4ceb-92a1-4d02436a3263,Mitz,leaf,OK
02ca4fac-9748-4765-95f5-ce915801ea1e.jpg,Bunchy top,aa65e07e-a6ff-44a0-8e12-302077882552,Iking,foliage,OK
2c0c2140-d11f-483f-88c7-3e84fc0975d9.jpg,Bunchy top,1750471c-26ec-49b1-b6d3-ae73822fa504,Mitz,foliage,OK
d022fa25-c54b-4ddb-8d05-14e0cc9d7c6b.jpg,Black sigatoka,6e20e8cd-7f82-4ade-b8e2-d63d5a99d9e5,Juan Carlos,foliage,OK
74f851f4-86d0-4e8f-8bd5-0cac7a44224e.jpg,Bunchy top,7489df68-5b3a-46b5-b90f-b8035dccf2bf,Iking,foliage,OK
6671f1ae-86f3-483d-88f1-f5dda5618fed.jpg,Bunchy top,c35f18d7-484f-4173-b39c-6418664bc2dc,Mitz,foliage,OK
3add17d6-96c4-4125-bc1e-512f98301897.jpg,Bunchy top,acc5301b-1c41-462b-8199-774edba10724,Iking,foliage,OK
693c966f-95c7-4542-8dce-9206ec2310ac.jpg,Healthy,0fa80fef-7d5c-45f4-ae04-273ea0c39874,Juan Carlos,foliage,OK
03906120-bdef-4e01-804d-bbf5f7040675.jpg,Black sigatoka,ac164b51-534b-4281-8496-4d08db5a4603,Juan Carlos,foliage,OK
4030fb9c-fccc-4ba1-9b30-01016271186d.jpg,Bunchy top,5ed82eb4-dc29-4083-be12-ec861e96930d,Mitz,foliage,OK
ca450d92-eb7b-415e-9b78-406d0003f951.jpg,Black sigatoka,b856d1b2-e53a-4950-b276-b93f1b30c9bf,Juan Carlos,foliage,OK
9ef2ef79-32aa-49e0-83ea-61890dd0af4a.jpg,Healthy,9899684e-1af0-419a-a763-1f7647108437,Mitz,foliage,OK
42030ba9-caef-4f52-8565-4da3fb73422b.jpg,Bunchy top,501eceac-35b6-4020-9f01-176ece3f812a,Mitz,foliage,OK
b9d14ceb-2341-4906-a687-e358e8ff797a.jpg,Black sigatoka,c6e0e0d2-c31f-4380-ad57-79a7607dd798,Juan Carlos,foliage,OK
304ad582-305b-4a63-85b3-6831db0e3f34.jpg,Healthy,ba1e4ce8-4e9a-48ee-98fd-71fe2ff1f0a6,Juan Carlos,foliage,OK
17094994-0fce-4805-9cfc-76d525ed0a75.jpg,Black sigatoka,2b2d9e10-dd18-44e0-952e-51c0b53c6bea,Juan Carlos,leaf,OK
49ae6f07-f27c-4039-bf10-44a651bf5c34.jpg,Healthy,821003e5-5712-4a12-8b2c-89b3948f860c,Mitz,foliage,OK
fd853be1-c985-45df-bf64-920a641f02b7.jpg,Healthy,9f5aa26e-1dc3-41e5-84bf-03f58c233f34,Juan Carlos,foliage,OK
e1e827f5-9c60-4633-b8b7-f8dbd6d88249.jpg,Healthy,95aa9d1a-8441-41b5-9605-efc9365df2f1,Mitz,foliage,OK
b92aa867-b644-4a04-9b0a-038db09e21c4.jpg,Black sigatoka,59604481-21ba-494f-8f47-a8b3e9006fe4,Mitz,leaf,OK
a446a4ee-e51f-4d1d-b40e-4e0728437361.jpg,Black sigatoka,2d7652b6-30d9-450b-a80f-608ccb6d517d,Juan Carlos,foliage,OK
d31e150a-1ca5-41dd-a26f-a9d4bdc8fab9.jpg,Healthy,395e2f5b-b7fe-4800-9a81-1118bd132678,Juan Carlos,foliage,OK
a0f7da1c-f731-4a2d-960d-c23992e5d3ff.jpg,Bunchy top,505f08e3-1ece-45ac-9bef-c94b3537301c,Mitz,foliage,OK
1ada5dae-ced5-4072-a2eb-39d312690b74.jpg,Healthy,84746cd4-cac8-4e70-bd5a-07006e39919e,Juan Carlos,foliage,OK
6d248ce8-aadd-421a-a8ee-24c0569ddd4b.jpg,Bunchy top,f702f0ee-6797-4899-90d8-4ab8252d1f72,Iking,foliage,OK
387e154e-57f8-4ee8-a8c2-47fc466c8d26.jpg,Healthy,dc866f90-1563-49f6-84cc-122ea881553a,Juan Carlos,leaf,OK
86993568-3cf8-4071-b0fe-3e7b2ded49c6.jpg,Healthy,0643db6c-b6fa-4123-bd01-a43afcfad36e,Juan Carlos,foliage,OK
67803d61-6644-4eb6-bab9-12e5dd9109c8.jpg,Healthy,0a4e1ee9-5980-45ff-a9b3-cbb7675a725e,Juan Carlos,foliage,OK
13e6827c-a0ef-474f-bd57-7b3a34a39a51.jpg,Black sigatoka,d220e204-2a5a-42c6-a76b-ccc70c07e2d7,Juan Carlos,leaf,OK
27894650-9687-44b8-b673-dd44f70f6199.jpg,Bunchy top,81cdc3f4-5a73-430b-87e3-376b5656021e,Mitz,foliage,OK
ef8542a0-3ddc-43a3-83ce-7b679a35836d.jpg,Healthy,17a74d32-7ae7-400e-8285-251da4f03d0a,Mitz,foliage,OK
ca70e849-79f1-45e2-a026-68d26aef2004.jpg,Healthy,8f94d5d1-e672-4ceb-92a1-4d02436a3263,Mitz,foliage,OK
46edcf33-ffd6-4bcf-ab5c-e791b765b447.jpg,Bunchy top,Tree2 -Bunchy Top,Mitz,foliage,OK
eafc2606-a0dd-47ca-a78a-2c8b294ae70e.jpg,Healthy,7044fe1e-4e6c-4ad9-bb6d-e901d7fc4858,Mitz,foliage,OK
b7e687c1-0ee6-4ea6-b5db-cd32daf44c8d.jpg,Bunchy top,00156916-6941-4e98-a4b8-cd7cb59b599a,Iking,foliage,OK
505bf6b1-d0be-41f1-9471-8be66f847984.jpg,Healthy,db203180-b9a6-441e-a12b-4973485a76e2,Mitz,foliage,OK
98007578-962e-4013-a93c-295e6ecedc14.jpg,Black sigatoka,0901a5f3-9a1b-4b5c-8c6c-bbb48a21d444,Juan Carlos,leaf,OK
b09a3ad8-3a14-47a7-90f6-eb7ede54a095.jpg,Bunchy top,873efc12-7e70-4a3a-a10e-489adce658c9,Iking,foliage,OK
54694cb2-0fc7-427a-9639-f4384139796c.jpg,Healthy,7da46812-0e56-446b-b057-8e4ae3a4f089,Mitz,foliage,OK
c488abda-a997-4b99-b0e4-7e05a53d02dc.jpg,Healthy,6ae92e7d-75fa-42ca-8736-cc78affd8d96,Mitz,foliage,OK
7f7cad45-18ec-449d-8c0c-c3f17b58ee25.jpg,Healthy,5d238808-1ff9-45c2-8d4c-578e847637e5,Mitz,foliage,OK
1032a3f6-c90c-4978-9a47-c51dbfe29911.jpg,Healthy,3887a478-7559-44f2-af3b-3b31fa67dbfb,Juan Carlos,foliage,OK
6bdc40a4-a57b-4af8-a383-23beaada540b.jpg,Bunchy top,97d62ab5-c410-4895-a3a9-51ef1103d04f,Randel,foliage,OK
281ba7d0-16d6-4df9-bd0c-8cfc1b1fa933.jpg,Bunchy top,BT,Mitz,foliage,OK
b67fe7ed-9ad7-4700-bf62-5f2bcde63d6b.jpg,Black sigatoka,34e952be-36f5-4c3d-8b55-3ad9f22ca40d,Randel,leaf,OK
37fdffa9-8c76-4c10-b14b-00067b5d72c0.jpg,Black sigatoka,a084b234-4837-4254-a508-3e10f47536fd,Juan Carlos,foliage,OK
39410076-832a-4e17-ae91-42d3748be78c.jpg,Black sigatoka,e8a59bc6-1432-447b-ad5e-01f79144532a,Juan Carlos,foliage,OK
98dd3acd-434e-4ba1-bc80-eb73385d62e0.jpg,Healthy,0a615dfa-eb9f-493b-98e3-2849b7c75471,Mitz,foliage,OK
c28e1c4b-f402-49c2-b6e8-31298303103c.jpg,Black sigatoka,13a0f923-49c5-49f1-bc39-e0453970026d,Juan Carlos,foliage,OK
406420d2-3d0b-4c00-ab33-6c18e145ec07.jpg,Bunchy top,1e29162f-9cdf-43b3-a85f-ad6ce6d548a9,Iking,foliage,OK
d540ccb8-092d-4cb6-845f-e6bdae934745.jpg,Healthy,68311d51-0a77-4e8b-8625-a460227c9a85,Mitz,foliage,OK
a41dc9e0-cab8-496e-9778-3ab190a577b8.jpg,Healthy,0ddb022b-fdf1-428d-be42-b2962b336b51,Juan Carlos,foliage,OK
80e67a76-2c53-4458-a1ee-1d5067cbf951.jpg,Healthy,5bc26972-4fce-4614-b20b-82d5d002a1e9,Juan Carlos,foliage,OK
f2898b54-3dff-4fb5-8848-94c6acaaf52b.jpg,Healthy,6ae92e7d-75fa-42ca-8736-cc78affd8d96,Mitz,foliage,OK
ff19a435-c605-4966-87b5-40c2154b9ec0.jpg,Healthy,8d8d3f29-07af-4bee-b3cd-3a2e4abe619e,Mitz,foliage,OK
e2d08ccb-2bea-4e0b-a54a-62558a4e34f8.jpg,Healthy,280dfb16-5c42-4deb-8e3d-d0dc8b6647fe,Mitz,foliage,OK
7df6709d-38de-4880-9642-c380cce26878.jpg,Black sigatoka,58f1d35b-765b-4ed9-b14e-64f8360b11e1,Juan Carlos,foliage,OK
74631299-3339-4e23-8488-b459b4dd6b5e.jpg,Bunchy top,7e27d7f8-58c5-4d8c-a7c4-7665a8a42ca3,Iking,foliage,OK
290b9788-943a-4dda-9d17-a7d95d666b84.jpg,Healthy,56d8af42-6c9a-4419-ae54-a4368bfc7f7c,Juan Carlos,foliage,OK
2dd2f16b-9be8-4314-a175-0b656be3d48c.jpg,Healthy,f8a5466e-4a69-4fa9-afcf-21cae02f22a3,Mitz,foliage,OK
b7cb642e-7481-475c-ad68-99ed76e4f4cb.jpg,Healthy,6276f358-3d52-4a98-8fe1-9ddaff45bb4c,Juan Carlos,foliage,OK
4c090866-215e-467e-9278-d92e748ffb59.jpg,Healthy,f558138a-8543-4d01-afe9-bd9ee6cbcbf6,Mitz,foliage,OK
1d1e205b-9811-46fe-9857-6a57b2137a89.jpg,Bunchy top,d333f082-822f-4e49-8b22-a23d5ace2c1d,Mitz,foliage,OK
75be2a4b-c7f4-434d-bfb0-970b7cecc5bd.jpg,Healthy,96bc60f4-7cd5-487c-b0d9-fbec960a4d5e,Mitz,foliage,OK
edbc2888-e510-4754-a93b-d76c768951b1.jpg,Healthy,3e555237-bbd4-40b5-8477-7894e9c96437,Mitz,foliage,OK
b8baf83d-fda8-40cb-bcfe-eecad240d124.jpg,Black sigatoka,0cc5f3a5-403c-4db4-8eae-06b157f2673b,Mitz,leaf,OK
4d4c60a7-dbfc-46e7-a00c-b2e26c9bcd1b.jpg,Black sigatoka,f993968c-66bc-4d76-9628-0f1b28e1e7b6,Juan Carlos,leaf,OK
6e77ab88-4e9a-48f2-8359-ee8c81e6fd8d.jpg,Black sigatoka,3c81a27a-e5c1-40d7-9fdf-b305ce0c0fd7,Juan Carlos,foliage,OK
c76edd6f-f286-4b23-9672-c074f6acc9c0.jpg,Black sigatoka,54f4bf33-f8a1-4acc-a05e-81a0e9f45f2d,Juan Carlos,leaf,OK
b6706e39-eedd-4ffd-a0ab-dd67b111f9e1.jpg,Healthy,a0c2a655-6b25-4b25-b151-a11abeae2655,Juan Carlos,foliage,OK
a7242018-611e-4621-b3dc-43cccc1f1e11.jpg,Healthy,3a3617ac-f064-41fc-abc4-f83ad4e1cc80,Juan Carlos,foliage,OK
6aec7d31-43dc-4d93-9db0-9bcf2600eefd.jpg,Black sigatoka,b9378ad6-ce96-4ce1-ba06-012faf6a76e9,Juan Carlos,leaf,OK
94ca2799-b9b5-433b-8746-f06ab8bbdcc7.jpg,Black sigatoka,8531d332-2875-48fd-9ac9-680b3a57c986,Juan Carlos,foliage,OK
8d63da65-b6bb-4695-9a92-7753f7e4379d.jpg,Bunchy top,d17a9f57-226d-44b3-868c-9cd8c1917eee,Mitz,foliage,OK
287b674c-3a6a-43f9-a11c-955b2da67104.jpg,Healthy,b7e65533-7c62-44a7-8826-a1274992e9d8,Juan Carlos,foliage,OK
2169882f-8db6-4745-b236-acd1ec64b679.jpg,Healthy,7a908cc0-eeac-4316-ab0b-3259cfe01230,Mitz,foliage,OK
dd09745e-ac86-4e49-8fcb-6c79fb050bd8.jpg,Black sigatoka,13a0f923-49c5-49f1-bc39-e0453970026d,Juan Carlos,leaf,OK
34ba1ac5-3aa6-46f7-9b3c-ef693585ff90.jpg,Black sigatoka,e238bd35-6133-4398-8679-7979ffda18ab,Mitz,leaf,OK
8cf88328-a133-48b3-888a-635a74e19cb3.jpg,Healthy,75e0f794-62f7-456f-99a9-26c20f85c04c,Mitz,foliage,OK
bff6d94f-4434-483a-808e-40e557e29296.jpg,Black sigatoka,a165a071-33af-4326-91e0-3940c2bc6799,Juan Carlos,foliage,OK
8f17e895-8113-47f6-b854-a7fd141249be.jpg,Black sigatoka,0cc5f3a5-403c-4db4-8eae-06b157f2673b,Mitz,leaf,OK
32460ba4-7d26-441a-814d-4e6298376684.jpg,Healthy,12302554-5de4-4353-b71e-fdda6acb5da5,Juan Carlos,foliage,OK
f69daebe-5f13-459a-9fdd-8a4deb27cf7e.jpg,Healthy,2d26c758-574b-4274-87f8-9f08b54918a2,Mitz,foliage,OK
05f683ab-da3f-4eff-bcd7-7509e8e3b44c.jpg,Black sigatoka,af57f5d8-f831-4bda-bc86-2c03e42206a6,Juan Carlos,foliage,OK
f58a29b6-23d6-485a-ac74-7c7facbee1c2.jpg,Healthy,cca48b8d-2949-474d-a0f1-b912f1304a4f,Juan Carlos,foliage,OK
e4fbe867-00a1-4c1e-8846-f918c4ad07cc.jpg,Black sigatoka,3d816b67-2d42-4f8a-a32b-6992ed670d1a,Randel,foliage,OK
c3ff1e1d-f646-451d-b753-9bd57ef2a719.jpg,Healthy,f5779f1e-7c51-46ed-bfba-7ade880a64f1,Juan Carlos,foliage,OK
cba89e02-f2b2-4006-adea-033c8cc7cdb6.jpg,Bunchy top,465c4cf1-918a-41bb-98bc-f98e41bab803,Iking,foliage,OK
d1e6d017-3708-42ea-b9cf-56c89c15af31.jpg,Bunchy top,e974e530-502a-47a6-9237-f7766486756a,Iking,foliage,OK
fc5e8462-6f29-43af-8b61-d023df307f3f.jpg,Healthy,12eff656-f792-447c-9d00-c365c8490456,Juan Carlos,foliage,OK
b872e326-90d9-4f0d-8d0b-e7296fae0018.jpg,Healthy,23ba8d09-6799-4096-927f-5f76c5b88536,Juan Carlos,foliage,OK
d1052d9c-bad2-432b-b673-c718d989501d.jpg,Healthy,32cd26be-173f-4eb3-9f1e-de4232dbed4a,Juan Carlos,foliage,OK
b9784d35-5c2f-4a86-a74c-b374c4ae48ac.jpg,Healthy,8f94d5d1-e672-4ceb-92a1-4d02436a3263,Mitz,foliage,OK
c7d8f4a9-a357-47e4-9333-b00e7960150e.jpg,Healthy,76d380fb-cd88-43dc-8cb2-d3813343a451,Juan Carlos,foliage,OK
64124798-78ca-438b-b50a-a08ddf038db3.jpg,Healthy,865e9f14-8d99-48c6-b12b-a921c3596379,Mitz,foliage,OK
ba0a4d69-5f2b-48dd-a87c-5a309f57c660.jpg,Healthy,bd50dafe-2684-4526-81db-09b8cb4b1c07,Juan Carlos,foliage,OK
fe3f3377-5064-4958-aa7e-ceb459f0e352.jpg,Bunchy top,162fc812-8caf-4c17-81e5-fe0a2dc48d29,Mitz,foliage,OK
bac54dad-40e9-4e99-b47a-69fb39424bb4.jpg,Bunchy top,233cc6e1-7f8a-4a47-8560-a79d952503fe,Mitz,foliage,OK
edfb9ba3-a7f4-4471-be5f-bc0c9f874bb8.jpg,Healthy,a5857c0b-3a9b-4912-be39-1c8248e0eb4c,Juan Carlos,foliage,OK
d88b1f8a-1a3c-432c-872e-cf29b58a484f.jpg,Healthy,47e4ee3f-e1a3-4baa-8221-706c3e45742d,Juan Carlos,foliage,OK
3538ee1e-9d2e-4937-a87d-a5e08bfd5d2c.jpg,Black sigatoka,60268cdc-b153-4308-8c3c-d7df87fef9eb,Juan Carlos,leaf,OK
1166264e-a6d3-4b2f-b0a5-63662bbc3787.jpg,Bunchy top,73092e7b-f6a2-482e-ba40-32759aa9f295,Iking,foliage,OK
d00f2082-c3b8-4d21-b604-61ce276bde67.jpg,Healthy,3e555237-bbd4-40b5-8477-7894e9c96437,Mitz,foliage,OK
ec6737f8-7e9a-494d-99e6-872bd750152b.jpg,Healthy,a2591d0c-1afd-46f6-955c-df00192a7b5f,Juan Carlos,foliage,OK
08bb8eb1-8dc2-4e94-a297-49c2fe2794cd.jpg,Black sigatoka,b330c9a6-e536-4f54-a5d3-ba6d4efa8fef,Juan Carlos,leaf,OK
e727aa4e-91b7-4d9f-a86b-05c842f23c76.jpg,Black sigatoka,b8a93ae2-48f7-476a-b3eb-1c0984fb0435,Juan Carlos,foliage,OK
81ccb283-cf25-4ab1-a71b-f3017ee17583.jpg,Healthy,44828ef3-c513-410a-9169-99fe1dd82ceb,Randel,foliage,OK
e6815dd2-234a-4794-835b-ee48c46c46b0.jpg,Healthy,cfa00e7f-68c0-44ed-bfe7-231a6d0f8cc0,Mitz,foliage,OK
36c1f99d-735d-45c8-939f-c407d1cafe65.jpg,Healthy,f85fb1c2-0b19-4214-a1f2-8e047047ea7f,Juan Carlos,foliage,OK
df738134-2a0a-4094-b3a6-5bccd12cb79c.jpg,Black sigatoka,7530b45d-6e2b-46a2-a3a2-f8f921416551,Mitz,foliage,OK
5754b16e-c6ec-4862-aa53-1e2519dd5b3b.jpg,Black sigatoka,60268cdc-b153-4308-8c3c-d7df87fef9eb,Juan Carlos,foliage,OK
39a0e17a-ccd0-449d-b924-87afab11cb1e.jpg,Healthy,0e5b0b9e-984d-4366-bc8b-002786b417ea,Mitz,foliage,OK
ff2010ca-acc8-40ee-876d-e16f98413d61.jpg,Healthy,3e4dfb33-5db7-488b-a46a-4c4c1f216315,Juan Carlos,foliage,OK
5ca5f28f-44db-49ff-a5a7-de5d768351cf.jpg,Healthy,3b15762a-c6f2-4d56-8321-59b52bdb47c5,Juan Carlos,foliage,OK
4523cb1b-0e41-4aa6-a060-d583ef6bdfda.jpg,Bunchy top,ada3a501-c08a-4fe7-aa31-d6c5e74988a1,Iking,foliage,OK
cdf1b20b-79e4-400f-93ae-2d1d2f8f969b.jpg,Healthy,fdbe70a9-f062-439a-9d69-f1c1d12c83b9,Mitz,foliage,OK
123d1de7-d874-494e-8ff5-9b371e0eb3d2.jpg,Bunchy top,bb619097-7d3a-4583-b0ff-7c0a15988f56,Mitz,foliage,OK
ff3bf569-d838-40c0-b746-b6d52ec96b49.jpg,Healthy,4a8a1f46-cb48-4394-8faf-82df7352183b,Mitz,foliage,OK
c721535a-880f-42b8-a465-03096c5c38f5.jpg,Black sigatoka,0f04fd41-4581-4ae2-b318-196e8924da4d,Randel,leaf,OK
04f538fa-2512-4601-ba93-dae0b1f54259.jpg,Black sigatoka,5c616fc3-58c5-4b62-8ae6-6d3fd58b3bd7,Juan Carlos,leaf,OK
ea015e74-8cef-428a-9327-33e1f13e2d77.jpg,Healthy,f558138a-8543-4d01-afe9-bd9ee6cbcbf6,Mitz,foliage,OK
14f7c17d-e982-4e38-baa0-cb985c965807.jpg,Black sigatoka,4885df8d-19c3-4de7-b153-38951cc8d6d3,Juan Carlos,leaf,OK
41d70805-75ea-4621-aab7-1944cf29ca3d.jpg,Black sigatoka,02d2506c-134c-422f-8c25-2cf8c0198912,Randel,leaf,OK
325329f5-813d-4936-aeed-a89d98d5ee87.jpg,Healthy,21cfb16b-eb23-4958-9293-b01afbc19c14,Juan Carlos,foliage,OK
e30786d5-8800-41a2-99e1-4c94ec777684.jpg,Healthy,280dfb16-5c42-4deb-8e3d-d0dc8b6647fe,Mitz,foliage,OK
78a1127f-50b0-4e1a-8086-f3f4ac61887d.jpg,Healthy,ed3eb54a-8120-4c51-a421-9404ff580607,Mitz,foliage,OK
7c7b3717-a7be-4596-b546-40ad01ea66c7.jpg,Bunchy top,3023658b-61b3-49d7-b786-e292a16060bb,Iking,foliage,OK
5ef8ea5c-7503-4b84-9df2-c1ea231553bd.jpg,Black sigatoka,c6e0e0d2-c31f-4380-ad57-79a7607dd798,Juan Carlos,foliage,OK
960d6952-36f5-4c31-9394-d2bdffecdca9.jpg,Healthy,9bd0337a-47cd-4abc-9e2d-d94590380fbb,Mitz,foliage,OK
3e693e77-6035-4f3e-a574-488072271763.jpg,Black sigatoka,40765656-44ed-4205-8ee4-6c1db5654e36,Juan Carlos,foliage,OK
cf41219b-acad-4ddc-90d9-d0cffc46163e.jpg,Bunchy top,8f21e3af-a795-4292-b657-208a2cffe20a,Iking,foliage,OK
a10a869b-3323-421a-b4ea-9dcb86fab030.jpg,Healthy,687956bb-b815-4e13-96f6-381698b192d1,Mitz,foliage,OK
7122ae62-96b4-4108-96c6-6168a82e5fdb.jpg,Healthy,dedb114b-42b8-448b-8052-b811de87a835,Mitz,foliage,OK
0eb6a839-f276-41e9-a72c-f18a0a92cd48.jpg,Black sigatoka,58f1d35b-765b-4ed9-b14e-64f8360b11e1,Juan Carlos,foliage,OK
aac5048d-db51-4543-a547-175629497240.jpg,Black sigatoka,19c4c389-6a9a-4800-b535-cb2b0630f4eb,Juan Carlos,foliage,OK
9d5279ba-8616-4cc6-bd8e-f11954dd4f32.jpg,Healthy,a07e944e-a28c-4b47-b40f-36adc868f4d1,Mitz,foliage,OK
af359dc7-d791-4204-bc78-099bf68f5269.jpg,Black sigatoka,e8089291-a1ff-4e13-9ab6-3a0a365a9448,Juan Carlos,leaf,OK
bed384d9-814b-40a2-894f-9575aae76443.jpg,Bunchy top,0e94bdcf-f678-4c68-aefd-3d8d5f5019f3,Mitz,foliage,OK
77d79798-c335-415a-8d00-b465f14ff719.jpg,Black sigatoka,3e306c8f-8520-4f94-b846-ff8d1edcf8dc,Randel,leaf,OK
d05cfdd9-2020-41e8-b5b4-c0d121b3784d.jpg,Healthy,9899684e-1af0-419a-a763-1f7647108437,Mitz,foliage,OK
637ca5a3-9b02-49a4-bc89-6fec0aa89be3.jpg,Healthy,ad684534-2b05-46bf-ae53-9dad20de176e,Mitz,foliage,OK
6f16f6b6-d2d8-4d78-a0a3-2ffcf01dfa04.jpg,Black sigatoka,2d7652b6-30d9-450b-a80f-608ccb6d517d,Juan Carlos,leaf,OK
eef4b87d-1d47-4406-9616-30662c6a32f2.jpg,Bunchy top,996d412e-d0f1-4101-9c11-50ce3a1c661f,Iking,foliage,OK
c4c9a1d1-c3b4-412a-8f1c-5a78c5671938.jpg,Black sigatoka,02d2506c-134c-422f-8c25-2cf8c0198912,Randel,leaf,OK
1ac34936-bb23-4184-8f95-529dc6aa2fc3.jpg,Healthy,1eadf82e-86ea-485a-8579-e9160ae5fca6,Mitz,foliage,OK
b0c2372c-c132-4ab6-9003-214d1d846ce6.jpg,Healthy,6ef5ea60-b015-45ab-ae04-c20ad30e64e1,Mitz,foliage,OK
60713641-d161-433a-bfef-a970c58cc25d.jpg,Healthy,41c9034a-810a-459b-80d9-e8346e366066,Mitz,foliage,OK
a64ef5f2-3b3a-4b17-ad01-ce0fdec3a9d9.jpg,Healthy,3468a492-f8ff-4cab-999e-187336aefa4a,Mitz,foliage,OK
b25bec9a-a0a9-48ba-b3bf-023331e47682.jpg,Healthy,be4ee4df-2a18-43c5-aa3f-6ac54dd5d5e7,Juan Carlos,foliage,OK
03b50063-9471-475c-8721-dbe187e7777f.jpg,Bunchy top,d5c4cff0-11b8-4a1a-89bb-63e5b09a4131,Mitz,foliage,OK
1c68f6e1-f0f6-4db6-ab21-6ded2f5681ca.jpg,Healthy,9e251469-abab-4df7-b51f-0a56da233860,Mitz,foliage,OK
daea016a-b49b-4458-947e-3b7fc6268792.jpg,Healthy,6ef5ea60-b015-45ab-ae04-c20ad30e64e1,Mitz,foliage,OK
a81c3139-d15b-42a9-aab3-9b80f7ce13aa.jpg,Healthy,b2b874bc-8403-4df8-991c-6e5ae4f08222,Mitz,foliage,OK
60bfead0-d2cc-4de2-ae72-a26a74ee2661.jpg,Healthy,2530636d-2d30-4193-8e0b-51272a871aa7,Mitz,foliage,OK
21ed4860-22fa-4ade-882f-46bb0c6c0e2b.jpg,Healthy,e22ffc83-3c49-431a-aa5d-146aead20b04,Mitz,foliage,OK
79ea9f6b-8b32-4856-a338-69ccefff8a67.jpg,Black sigatoka,3c20b67c-2d7f-4bca-b908-f6b23e03c2c2,Juan Carlos,foliage,OK
35c2ec06-689e-43b4-8add-dcb27aaa971d.jpg,Black sigatoka,8b8b0bc1-475b-4b12-b6ae-8240b62933ea,Juan Carlos,foliage,OK
3226963c-f735-4bf3-b253-0f99479e31ee.jpg,Healthy,13a8a95b-9070-4c6b-ae7b-0ff2c2cf4c2f,Juan Carlos,foliage,OK
97d6c647-2b29-46b2-8ee5-8c6b110b586f.jpg,Bunchy top,2935e62c-2596-4275-8fd2-a4436e054dc8,Mitz,foliage,OK
bfe07678-5695-41f7-a6d6-f5d9746d542d.jpg,Healthy,14f4679e-4b59-490c-8ce1-239bb4f2031b,Mitz,foliage,OK
4b36e93a-5b73-472a-a315-bd8e55619a96.jpg,Healthy,c9eeb832-0d10-4db4-9f72-0747e2587328,Juan Carlos,foliage,OK
f6a20117-a681-400b-bf3a-10b78d12bbc5.jpg,Black sigatoka,de899c23-282d-4d78-9d30-b021c954c9dd,Juan Carlos,leaf,OK
dd300166-9c06-4ddc-9414-d70053b33dc3.jpg,Bunchy top,66cd3c22-8cf6-468d-8a5d-3c10db03673c,Mitz,foliage,OK
2e51303e-afa9-4b31-b6c6-74970b2365be.jpg,Healthy,b8c78e09-c386-46b7-933a-7ffda10db6b1,Mitz,leaf,OK
a3d61383-4127-494c-a2f3-9c8d7bbe3993.jpg,Healthy,c47e89f9-794b-4013-a5e4-910442e35066,Mitz,foliage,OK
34edd016-3d63-4cde-95ab-702635e58680.jpg,Black sigatoka,c6e0e0d2-c31f-4380-ad57-79a7607dd798,Juan Carlos,foliage,OK
a1b41c94-9769-48a2-8c07-825bf5129b53.jpg,Bunchy top,f266b4b3-7489-4ba7-87c3-1653915b053c,Iking,foliage,OK
c68bb4ee-13fc-49e9-b922-c6cf75909412.jpg,Healthy,1f395e3c-be04-4812-a180-d41fcfa5dc68,Juan Carlos,foliage,OK
c47695a5-8d2f-4d37-ba53-0a1d0a4844f6.jpg,Bunchy top,3dc9a470-5818-46c2-9f70-90dbb9c9276b,Iking,foliage,OK
ca1c7413-6f2f-459d-9d43-1e13e1cf4a38.jpg,Healthy,17a74d32-7ae7-400e-8285-251da4f03d0a,Mitz,foliage,OK
81bad0b9-c8ce-41bb-9d80-df1500f10aff.jpg,Healthy,a69e10cd-1b66-4d13-adbd-2c060d0fcf1b,Mitz,foliage,OK
ba938e4a-02de-4c06-8c72-4e0400ced42f.jpg,Healthy,05bccd15-a00e-4f0b-8d74-cab12cde44b5,Mitz,leaf,OK
b9f094d0-8644-41e1-93e2-4f8a640b6308.jpg,Bunchy top,0728c360-71ac-47e6-b4d8-e55d652afe56,Iking,foliage,OK
869bb93d-9953-4b5d-859b-cb46b1930d20.jpg,Healthy,8fac4543-8e82-4a4f-9567-e5429dc0a94b,Mitz,foliage,OK
bcba6f90-d26f-4755-b65d-238d661a0b07.jpg,Black sigatoka,b7d9e71e-3d73-403b-856f-4bd9073b5715,Juan Carlos,leaf,OK
661bac51-6b6f-4484-b5d6-1012274cd5cb.jpg,Bunchy top,Tree6 - Bunchy Top,Mitz,foliage,OK
b83d2038-31bb-49ec-aeb9-869e464f5729.jpg,Black sigatoka,Tree11 -Black Sigatoka,Mitz,foliage,OK
60d3fb28-6725-4077-a969-5dcbf5c4d0d3.jpg,Healthy,1eadf82e-86ea-485a-8579-e9160ae5fca6,Mitz,foliage,OK
717ca346-2bb6-4343-b33d-2696efddb100.jpg,Bunchy top,d33ee343-cf50-48ca-b793-faa887d9d175,Iking,foliage,OK
5b0fc0eb-5d80-48fc-9cea-91dd6ef8720c.jpg,Healthy,2e047d5a-f822-425c-9c80-ebba5c43ef78,Juan Carlos,foliage,OK
583ab4bb-e199-4596-8551-344445c1280e.jpg,Healthy,c0c32e56-68bf-4bae-bae9-21e96726d6e0,Mitz,foliage,OK
df46f0bc-e21d-4f49-9c77-cbfe9a064430.jpg,Black sigatoka,1a86ade7-8730-4ac3-a7b0-1033afc7defc,Randel,leaf,OK
eadd0613-b4bb-492e-94c5-fc56b9cfb6be.jpg,Bunchy top,caceda4f-0852-4011-82c5-04cf1bd8daa5,Iking,foliage,OK
b0216f29-625a-43d2-86a9-2b422b72154b.jpg,Bunchy top,07df771c-92d8-4777-b373-c1c14a40fa35,Iking,foliage,OK
621a1110-f42a-435c-9479-082c45dd42bb.jpg,Healthy,6a555159-7cd5-4718-8596-2187eacbac9d,Mitz,foliage,OK
5ccf1f10-d494-4e07-9385-4b97162d0cba.jpg,Healthy,0db7dc4d-df71-48ec-a155-abb0ae8351a1,Mitz,foliage,OK
ef7c402f-8d8b-48e5-9e92-d974ded74733.jpg,Bunchy top,BT,Mitz,foliage,OK
1d7790bd-d206-4b00-b9b0-772c7d7cfb16.jpg,Healthy,9073715b-e0fc-4d39-9cb2-28e2a4b6f5f2,Juan Carlos,foliage,OK
2f724707-62a2-45eb-8c7f-674743af271f.jpg,Bunchy top,91c32404-b4ab-4a78-8cc9-74b26a46f66d,Iking,foliage,OK
05091811-8caa-40c2-8887-62f7da6e13a7.jpg,Black sigatoka,4a364445-2a1b-429d-b650-61e006edb748,Juan Carlos,foliage,OK
08ff928b-00a7-40f6-98d4-32b332f96e2d.jpg,Bunchy top,95382d52-06b7-4700-b855-a5d2c56c18cf,Iking,foliage,OK
d1e4c5e4-0b52-47ae-8124-f1d5d1a08557.jpg,Black sigatoka,7530b45d-6e2b-46a2-a3a2-f8f921416551,Mitz,leaf,OK
39c866bb-eac5-4d47-91ea-c9733625bbc8.jpg,Healthy,308aa83f-ff19-42d5-b67f-d4f214fd714e,Juan Carlos,leaf,OK
b6223bbd-a839-439c-9c32-d47a26e52f98.jpg,Black sigatoka,45773803-b36b-4a75-9738-8f3a2d8f50f0,Juan Carlos,leaf,OK
9d75b607-7dbd-40db-ac16-78ee4d92a774.jpg,Black sigatoka,a165a071-33af-4326-91e0-3940c2bc6799,Juan Carlos,foliage,OK
5c2482c6-c9c9-4d26-bd07-00cc9f6a7610.jpg,Bunchy top,451c0255-aee6-4af2-9d37-46c9952a87e7,Mitz,foliage,OK
13f4bead-97ae-4379-a907-cf12e96cc716.jpg,Healthy,a37e11d9-b3b4-477d-840d-f300bef07f51,Mitz,foliage,OK
61b48646-b763-45dc-984d-0f7f8507a773.jpg,Bunchy top,35a08476-5dbc-4cc4-b3d1-5206b38368b4,Iking,foliage,OK
60d3d17b-555b-478a-9a3b-a907ebda86bd.jpg,Healthy,c19becb6-cfb9-49ab-92df-02053501976d,Mitz,foliage,OK
0aa93e96-7214-40c3-af4e-d93bf268141e.jpg,Black sigatoka,ffcb3962-17cb-4dd3-a022-cb2eb33d602f,Juan Carlos,leaf,OK
2e92f859-a192-4ac5-af59-0e8676d4537e.jpg,Bunchy top,8f21e3af-a795-4292-b657-208a2cffe20a,Iking,foliage,OK
590dbc31-6cc0-41d9-9ef4-c1e51b7e94ff.jpg,Healthy,8f94d5d1-e672-4ceb-92a1-4d02436a3263,Mitz,leaf,OK
ce008f93-8d8c-484a-b684-401c837e911e.jpg,Healthy,267fe2e5-e05b-4c2d-a9b0-642ee7f8fdd3,Mitz,foliage,OK
596d188b-999a-47e5-a819-caacfde03785.jpg,Healthy,f558138a-8543-4d01-afe9-bd9ee6cbcbf6,Mitz,foliage,OK
9a94e27b-04d5-4f24-b96e-3d7df06ff5d1.jpg,Healthy,b953cf78-3405-4540-8d10-a5cb5ead8f74,Juan Carlos,foliage,OK
695bb136-75ae-49c2-9723-25724950556e.jpg,Bunchy top,873efc12-7e70-4a3a-a10e-489adce658c9,Iking,foliage,OK
c05b0007-6fd8-4a56-85f9-9db70a4e46c0.jpg,Healthy,bd585415-46fd-4a35-a1ff-bd65dec527a3,Juan Carlos,foliage,OK
91f6658d-985f-44c9-b5b5-598d9b2624bb.jpg,Healthy,0fbf14b8-48da-4bcd-85d1-d1f23264de96,Mitz,foliage,OK
18c5e5b7-e361-48fb-8e16-63823028c7f0.jpg,Healthy,05bccd15-a00e-4f0b-8d74-cab12cde44b5,Mitz,foliage,OK
ddfc2e0b-9dee-4001-8a54-75c2c1df5759.jpg,Healthy,cdba5fdc-796d-44b7-8baf-070f1a857227,Juan Carlos,foliage,OK
fb02ec54-e127-4172-ae21-4d46c5b3f8b8.jpg,Bunchy top,f266b4b3-7489-4ba7-87c3-1653915b053c,Iking,foliage,OK
7f0f7309-cf53-4486-8268-f2ae7c8f22f7.jpg,Black sigatoka,1ff75659-7a2e-4b8c-95ca-ab933d989c41,Juan Carlos,foliage,OK
9999c8cc-5452-4d73-b967-97daa12f3e6e.jpg,Healthy,a9c04609-c3e6-491f-a0c8-130539dbfcd6,Mitz,foliage,OK
a01e975d-2412-4043-b7d0-235e975ca542.jpg,Bunchy top,81cdc3f4-5a73-430b-87e3-376b5656021e,Mitz,foliage,OK
7014bf6a-d937-433d-ba34-3d49aebec651.jpg,Healthy,3468a492-f8ff-4cab-999e-187336aefa4a,Mitz,foliage,OK
b03401fa-888e-4b08-9e43-2e8dee0ddeae.jpg,Bunchy top,Tree6 - Bunchy Top,Mitz,foliage,OK
ef4dd092-023b-4fbb-85f1-64b3abf1ecf5.jpg,Healthy,18ef53fd-7b9f-4012-be2a-7e9282f583eb,Mitz,foliage,OK
8f92e822-cdee-44a1-9ea6-64ba41a8f9ee.jpg,Healthy,eb911131-09ff-4913-9e61-215499315676,Mitz,foliage,OK
b1df0267-4b8d-439b-9204-fd1bb04a940c.jpg,Bunchy top,affaad73-a944-4fa6-95ad-2bf49cd0ac67,Iking,foliage,OK
f568868f-1d69-4e62-a159-ed2f6f6fb41f.jpg,Bunchy top,43e34b0b-03fe-45b1-80c8-c84ecdbf4db8,Juan Carlos,foliage,OK
06fb0e6a-9038-471a-b1fc-1f3744284067.jpg,Healthy,09461581-764f-4e4f-9e00-18ece3b54290,Mitz,foliage,OK
1caacd5b-e28e-4853-8cff-bfa12d76a88a.jpg,Healthy,3e0c3d99-c382-4664-832e-093c55ee56df,Juan Carlos,foliage,OK
1b803d0a-f40a-46b5-adf6-43fcc8358bb6.jpg,Healthy,ae3cb8b9-99a3-4d66-9b2f-53407991df90,Mitz,foliage,OK
25335b7e-4acf-48a7-b707-dd97433e095c.jpg,Black sigatoka,f993968c-66bc-4d76-9628-0f1b28e1e7b6,Juan Carlos,foliage,OK
6fba0b7f-9675-4144-b873-9a0833e86661.jpg,Healthy,df550846-defe-4217-b5be-47c66241083a,Juan Carlos,foliage,OK
89dceb23-dd2d-4cce-9a8b-d73fc93a08d0.jpg,Bunchy top,bc19092f-e055-401b-a29b-5426288eb7a9,Iking,foliage,OK
4d95b5e9-bf0e-485a-b69f-ab6cb7e98558.jpg,Healthy,8458292e-3c51-420c-bf10-28418c85822d,Mitz,foliage,OK
18db72f4-638d-41f3-85b4-c09127aa4305.jpg,Healthy,fd92b62e-28c9-4d41-b3af-6e9125f34a7b,Mitz,foliage,OK
33da0a6f-6be2-4267-8522-35d37dedfdc8.jpg,Healthy,e233efbe-1c00-4678-9234-006642fbbd45,Juan Carlos,foliage,OK
0262e617-a132-4a13-8cc7-bfdc501a4252.jpg,Black sigatoka,243c42be-6f6d-4f7c-b2e3-6273e1616404,Mitz,foliage,OK
11e7253c-85a3-45f5-9eda-d2776451b5e7.jpg,Healthy,8ea4b412-87e2-4140-ba4a-a73d8e5c1005,Mitz,foliage,OK
e00ae888-4195-45d5-a523-c30bdc305bd2.jpg,Black sigatoka,77e8afcd-56b5-4ba2-bb79-a6600e171815,Juan Carlos,foliage,OK
f900dccc-1a3f-448a-b502-c62c2d91444b.jpg,Black sigatoka,a084b234-4837-4254-a508-3e10f47536fd,Juan Carlos,foliage,OK
65682e9b-b25e-4d62-8e92-a17c97bfd87d.jpg,Healthy,85ad4ffb-dd6d-4b7f-ad99-ce2682059936,Juan Carlos,foliage,OK
1010ac5f-5f2c-4baa-bd07-b096f4ce8008.jpg,Black sigatoka,ed3aeb40-5823-43a5-ad1c-36f4eac50b8d,Juan Carlos,leaf,OK
1c7f92d8-4c2f-4c2f-8e90-554324c86038.jpg,Black sigatoka,243c42be-6f6d-4f7c-b2e3-6273e1616404,Mitz,foliage,OK
dfd8d14c-3e4d-4b38-8aa0-b63848132778.jpg,Healthy,79d3e9fe-d82d-472e-927b-357f9109e725,Mitz,foliage,OK
0feebc4b-b3b9-46e1-bc5a-176524483824.jpg,Healthy,db5bfe45-7cde-407d-badb-87fed5487947,Mitz,foliage,OK
e629d334-a14c-417d-af5b-2dfb589a897d.jpg,Healthy,17a74d32-7ae7-400e-8285-251da4f03d0a,Mitz,foliage,OK
936f6d4a-4c67-4125-8ff3-97cfc20188c8.jpg,Healthy,011599d1-ea59-4ad1-ba31-e188802c70c3,Mitz,foliage,OK
6ed8e352-6852-4bb0-9fbc-f5954c540f6a.jpg,Healthy,9459384b-bd64-4e68-8a0a-32b37794205b,Mitz,foliage,OK
40700d75-e17e-4d87-ae32-c81ae2f8bcf7.jpg,Healthy,67e1f1f1-ab15-4272-a6e0-f8faf0a42169,Mitz,foliage,OK
afe828db-817d-4cc7-9354-515b08156ee1.jpg,Black sigatoka,45773803-b36b-4a75-9738-8f3a2d8f50f0,Juan Carlos,foliage,OK
654c4de4-ad02-4511-aa10-65cb7ef5e473.jpg,Black sigatoka,Tree3 - Black Sigatoka,Mitz,leaf,OK
47d4b9eb-7c01-4d58-832e-56220445ecc1.jpg,Bunchy top,47cc730b-5519-452b-a7fd-cc5c2dba6d3a,Iking,foliage,OK
7e241974-3887-4438-9c93-0e916a156c8f.jpg,Healthy,14f4679e-4b59-490c-8ce1-239bb4f2031b,Mitz,foliage,OK
b52b3c29-400a-478b-a5cb-334867e49510.jpg,Black sigatoka,e2c59b51-ac0a-4d1a-9b95-286af51a5f3f,Juan Carlos,leaf,OK
fc3cc9f8-366a-4147-81ea-9eaed40aa965.jpg,Black sigatoka,5f2384f2-4bd8-480d-9085-2b92552575bb,Juan Carlos,foliage,OK
b8b17cd3-71df-47a1-8e87-b3089a656dc2.jpg,Black sigatoka,07cff55b-da81-4189-bf56-33a789b82a0d,Randel,leaf,OK
7e6c5b5c-9fec-4c4f-83c9-e3693e270b04.jpg,Black sigatoka,b8a93ae2-48f7-476a-b3eb-1c0984fb0435,Juan Carlos,foliage,OK
7c5ad3ce-4685-4ed2-83b9-2d9a577701a7.jpg,Healthy,25d8a618-57d3-402d-bc3f-321de08f34c6,Mitz,foliage,OK
5469e99a-1cce-40d1-a35e-d103770cdc0c.jpg,Healthy,6053fc4e-8ea1-4b91-a71a-1fda7d649924,Juan Carlos,foliage,OK
9b5122cd-a272-454d-8703-7337365a9f3a.jpg,Healthy,e4442e35-16b0-499f-9ec9-3555554d40eb,Juan Carlos,foliage,OK
a45bd7e6-fa1d-4560-9bd5-b4ca2c2f8136.jpg,Black sigatoka,f77c25c4-05df-493c-abd3-fec1580b95b0,Juan Carlos,leaf,OK
eb3de043-42c5-4245-afb8-fb030194b013.jpg,Healthy,f73bd477-10c6-406f-b4f4-0757e38263c0,Mitz,foliage,OK
78dbc91c-c6e0-4a05-9b93-afa56e2ba763.jpg,Healthy,9133ee57-7dc7-45b4-b5a6-21181efe2afb,Mitz,foliage,OK
ebf2af26-2ad6-494b-9026-6116851f32e1.jpg,Bunchy top,aa65e07e-a6ff-44a0-8e12-302077882552,Iking,foliage,OK
eb9276aa-4bee-4214-9a29-875de4f000cc.jpg,Healthy,1f395e3c-be04-4812-a180-d41fcfa5dc68,Juan Carlos,foliage,OK
4ceb9ac4-08cc-4de8-808d-60f0ca676539.jpg,Healthy,3212df75-8118-4c8f-b742-3f90d3dc691a,Mitz,foliage,OK
98a4acfb-586b-4f46-96d2-e9b4b5d1e45a.jpg,Healthy,48a26e16-d7ec-4061-ad78-7fe88415b0a3,Juan Carlos,foliage,OK
98ae531e-3490-48c1-bcfa-f3a5aead6500.jpg,Black sigatoka,5c616fc3-58c5-4b62-8ae6-6d3fd58b3bd7,Juan Carlos,foliage,OK
165bc551-b079-4178-beba-6b727f7606a5.jpg,Bunchy top,9888bc5e-11d5-4bba-b695-a3235fe47704,Iking,foliage,OK
9f1f43be-e574-4e01-ada7-d3e0e1a0464c.jpg,Black sigatoka,1a91d379-0943-4f02-9f4c-6386809d2398,Randel,foliage,OK
fced6e5d-0c19-4025-b555-e80c6fa963b4.jpg,Black sigatoka,f77e5f83-7816-4b0d-aa66-3e1a31fef6d3,Randel,leaf,OK
c2e5f61b-c853-443a-846a-9bda4eebaf32.jpg,Healthy,e9265755-1a10-4676-8d7b-c84dcf62a7ea,Juan Carlos,foliage,OK
b4b08e6b-7845-4f3f-a741-caf7a4cbe5f5.jpg,Healthy,926d7a14-78e3-40f6-a25c-4ec830dbc2c6,Juan Carlos,foliage,OK
9819b1f5-4f82-4cb8-9d1a-03841dd76fb7.jpg,Healthy,f89c399f-a47d-41b9-b264-844e5152e10d,Mitz,foliage,OK
1ff7f38a-4ac5-439f-8cd3-5c49ed6324ae.jpg,Healthy,14fcddfe-f95a-48fd-92b4-9b0a073a9bb8,Mitz,foliage,OK
18f4a8ee-1511-466b-8c46-80b379b804ec.jpg,Bunchy top,64f3fdc5-f864-4253-b33d-9a6c2ce6929d,Mitz,foliage,OK
f8af8dcb-0363-4a49-81e9-662a8069dcf0.jpg,Healthy,db203180-b9a6-441e-a12b-4973485a76e2,Mitz,foliage,OK
59290a59-463f-4837-93bf-a06339e6d685.jpg,Healthy,1c8573d8-eaff-4fb8-a8ec-bb3b2025e0d6,Juan Carlos,foliage,OK
b57b1582-bc77-454f-8e71-0eb622d0dd68.jpg,Healthy,cc10e45c-b0b1-4bb3-9551-0b301c82d3b3,Mitz,foliage,OK
eee1ce4c-a773-4ca4-a145-71ec7024acd7.jpg,Bunchy top,6db98f56-3237-4d97-b599-1d24ff0bab28,Iking,leaf,OK
463a227d-8021-45d5-a3b2-180b6b46366c.jpg,Healthy,fdc506a1-42b6-4ecb-a2ca-ab17a4666f2f,Juan Carlos,foliage,OK
1d877089-09d8-4d57-8e0c-c892d3c56a8f.jpg,Black sigatoka,3ce9b4ed-4172-46e5-b64c-71896cf432d9,Juan Carlos,leaf,OK
3086e1c3-4485-4b7e-8806-0e85d6c1f208.jpg,Healthy,09461581-764f-4e4f-9e00-18ece3b54290,Mitz,foliage,OK
5f11c338-2705-4754-a225-d1ecf6cfecad.jpg,Healthy,421e0c12-0a00-4e20-a88a-916539bdf5aa,Mitz,foliage,OK
d415493b-c7b6-441a-abc6-423b90ecc7c6.jpg,Bunchy top,d92d91fd-be0a-4959-b2eb-4c328e68050d,Mitz,foliage,OK
60247007-a364-4984-8193-dfb4c42c3576.jpg,Healthy,267fe2e5-e05b-4c2d-a9b0-642ee7f8fdd3,Mitz,foliage,OK
77d9f362-2bd0-4e74-b586-8a702b26890e.jpg,Bunchy top,e1114e5d-2624-42f0-9a41-845a9d05b529,Mitz,foliage,OK
1a2dd0dc-1a97-469d-b51b-7ba668ae4e94.jpg,Black sigatoka,4885df8d-19c3-4de7-b153-38951cc8d6d3,Juan Carlos,foliage,OK
5f00b3b8-31f9-48e2-b36f-1f790dd34c38.jpg,Healthy,d216db32-43e9-44cb-b13d-17c6c4a9a397,Juan Carlos,foliage,OK
a9dcb397-85f1-4753-a604-41d4163d7aa5.jpg,Black sigatoka,3c81a27a-e5c1-40d7-9fdf-b305ce0c0fd7,Juan Carlos,foliage,OK
d8a18bd7-8290-4510-a1ee-419d619a9211.jpg,Healthy,6ec26887-b6db-48ce-9a09-ee3d924ca9af,Juan Carlos,foliage,OK
96eeffca-c9b8-4550-b665-ce7832c4d82a.jpg,Healthy,2530636d-2d30-4193-8e0b-51272a871aa7,Mitz,foliage,OK
1d15096b-5a75-4216-813b-53a5545d522a.jpg,Black sigatoka,ff879fef-d08b-4726-949e-8201a5a8d723,Mitz,leaf,OK
21cabe72-664a-4b3f-bb84-1d7429a9ab3e.jpg,Black sigatoka,1ff75659-7a2e-4b8c-95ca-ab933d989c41,Juan Carlos,leaf,OK
2bd58831-f694-4b93-903b-24da463f1943.jpg,Healthy,0bb75428-806e-4df9-870e-64dff6849b43,Mitz,foliage,OK
18537ff8-0833-4265-9b3e-f1b9120c401a.jpg,Bunchy top,361a3f06-77d4-4e60-8c51-98e54a2aed59,Mitz,foliage,OK
fdaf2940-1e52-4f5d-a043-950657359d3e.jpg,Healthy,bed76213-f035-45e7-ac41-2c0e818c6c0b,Juan Carlos,foliage,OK
63a3c6ce-c9c7-44d8-b107-6fbe03e845ce.jpg,Healthy,09461581-764f-4e4f-9e00-18ece3b54290,Mitz,foliage,OK
f7979028-dedc-4238-989b-734726dc05f5.jpg,Healthy,15b08a1c-8878-4b6f-a7b0-694d42b7f868,Juan Carlos,foliage,OK
8c7e9463-f868-4f13-b001-b1a240f89305.jpg,Healthy,12e53bd4-17c7-453a-94f2-aaf630897027,Mitz,foliage,OK
bd415ab8-838f-4d5b-b202-9ca634a4b00d.jpg,Black sigatoka,5c616fc3-58c5-4b62-8ae6-6d3fd58b3bd7,Juan Carlos,leaf,OK
0139b316-6ee7-4f7c-9125-fd18874d3ff0.jpg,Black sigatoka,4ad9afde-b707-4714-b599-c5362cc1faff,Juan Carlos,foliage,OK
7b80ae1b-b0ca-45db-9d5b-ffc5bc600da1.jpg,Bunchy top,eca4e551-b6e2-4461-8384-e3bd40f16043,Iking,foliage,OK
40281a61-a99a-4e4a-8d7c-b71687713caa.jpg,Healthy,126790c7-1bd8-4624-84b4-8d6dd38642f5,Juan Carlos,foliage,OK
c503f5a5-116a-4797-95e3-c353fed6eea4.jpg,Bunchy top,ff6d93e5-cd8c-4af8-a66a-839b66cefc1e,Mitz,foliage,OK
27490054-6467-463e-ab2b-d02c992440dd.jpg,Healthy,8c7cb2d8-1874-4928-82c2-b03740a0752b,Juan Carlos,foliage,OK
245841c7-8b94-4a21-8e6b-6d939499f8cf.jpg,Healthy,286cb854-5415-4095-a564-2f7374537636,Mitz,foliage,OK
38f0d79d-fd30-4ff4-a10e-7952bfc4f617.jpg,Black sigatoka,ff879fef-d08b-4726-949e-8201a5a8d723,Mitz,leaf,OK
acae339f-05fd-4ecd-adc7-af02f5e83201.jpg,Black sigatoka,Tree9 -Black Sigatoka,Mitz,foliage,OK
95743bcf-e8ba-4290-bfa6-8f46d8831e6d.jpg,Black sigatoka,Tree11 -Black Sigatoka,Mitz,foliage,OK
92da5ef0-5d47-4216-abf3-d1078e63105e.jpg,Black sigatoka,740a41f9-3106-4396-ade2-2b66177e592e,Juan Carlos,leaf,OK
19d42910-b27f-421e-898e-fd1324a933a5.jpg,Healthy,fdbe70a9-f062-439a-9d69-f1c1d12c83b9,Mitz,leaf,OK
a76b2e47-1831-4818-8b4a-6c3e6204a431.jpg,Healthy,f8a5466e-4a69-4fa9-afcf-21cae02f22a3,Mitz,foliage,OK
3850cecc-52ac-40c0-8f76-8680f7118345.jpg,Healthy,84c1bf5d-77b7-4ac7-b3ae-9ec344c5afd3,Juan Carlos,foliage,OK
d46b2c34-a1b0-41b2-97ee-4c7d4a680a91.jpg,Healthy,70d612bd-ae8b-4334-a9c1-e178909a0be3,Mitz,foliage,OK
40c88e14-d1f6-4f74-8014-1566e4268696.jpg,Healthy,a69e10cd-1b66-4d13-adbd-2c060d0fcf1b,Mitz,foliage,OK
7c37eada-d0b3-492e-8862-d63e8d25c1d8.jpg,Healthy,f8c03d3d-bfc4-46f2-93ce-cc7ea34a54ff,Mitz,foliage,OK
e2990a32-b54a-4fb5-961b-45640a5817ab.jpg,Black sigatoka,b7d9e71e-3d73-403b-856f-4bd9073b5715,Juan Carlos,foliage,OK
fb946a78-3e2d-4eb1-abf3-e1cec5dccf27.jpg,Black sigatoka,35d7bc53-4fd9-4472-8295-ffc193f442db,Juan Carlos,leaf,OK
d4812c07-eb9b-46f0-9d57-59ebcc592767.jpg,Black sigatoka,4a364445-2a1b-429d-b650-61e006edb748,Juan Carlos,foliage,OK
c20aad25-6464-470b-be56-8b73d212d2d3.jpg,Bunchy top,e0702dca-8394-42c5-b890-efb284e628ce,Mitz,foliage,OK
b519fad4-bbfd-4c81-9c04-075b2ad0d5e9.jpg,Black sigatoka,b2583523-1ce6-4dfe-b390-daec78051bd0,Juan Carlos,leaf,OK
df9c95ac-bd4e-46f8-bf1b-400c0a7fec8d.jpg,Healthy,675e1ac1-a661-4a66-a89b-6a6b2104261f,Juan Carlos,foliage,OK
b2c91321-931b-4de2-8b0a-0400c37843bb.jpg,Bunchy top,Tree4 - Bunchy Top,Mitz,foliage,OK
1f226c1e-be7f-4ecd-ab84-14b8f911b713.jpg,Healthy,667db430-61d6-4485-b453-3a24cb16beda,Juan Carlos,foliage,OK
0b30577d-328d-49d7-9372-70711bbdb108.jpg,Healthy,f69dd940-b420-4c25-9d84-5d8d84cde3ea,Juan Carlos,foliage,OK
3f297f11-9ba7-4e5a-8470-eaa2e5150f3d.jpg,Black sigatoka,ef8b9aa5-fef2-48ed-a846-92a9024a31f4,Juan Carlos,foliage,OK
10e2eba2-ed5f-44a4-ab45-af63aeed21b3.jpg,Black sigatoka,192f7cda-1138-448b-a7f0-691d30ff57ae,Juan Carlos,leaf,OK
ddd5fea1-5f87-4ae4-9a30-51943f70a490.jpg,Black sigatoka,79a63842-0509-43d1-a9ac-b99295bd501d,Juan Carlos,leaf,OK
c176a3f4-ef24-4176-918e-a3b9bdbe105e.jpg,Healthy,b3a6b6d5-03fb-4eec-9a2e-cdacc972bca5,Mitz,foliage,OK
319d0369-38b3-409a-a5bb-4b6bf78fb771.jpg,Healthy,a69e10cd-1b66-4d13-adbd-2c060d0fcf1b,Mitz,foliage,OK
1336a43a-d431-465f-a671-1e6476e0a110.jpg,Healthy,dd5a78a7-17c5-46b8-877c-24cf2ddafa55,Juan Carlos,foliage,OK
9d875690-e1cb-45e1-8065-823ce9e2d60c.jpg,Healthy,c0a222d9-b99a-4d5a-9639-0fbaef94c3ed,Juan Carlos,foliage,OK
6e3b489c-deb3-45a1-a96d-af430ace8fa7.jpg,Black sigatoka,abf36366-cb61-4301-a69a-7dd2ec199df9,Mitz,leaf,OK
7154571f-b6ac-4db4-9607-2a2f102fc613.jpg,Black sigatoka,Tree11 -Black Sigatoka,Mitz,foliage,OK
1f8ec96b-8839-4dc9-a23f-ad22db31b21a.jpg,Healthy,3e0c3d99-c382-4664-832e-093c55ee56df,Juan Carlos,foliage,OK
cca5adba-7dac-4745-a698-6ebcb4338a82.jpg,Healthy,91ae13e2-0a1f-45c3-8e0c-5b49bf646909,Juan Carlos,foliage,OK
cc84b98a-d857-47d2-9aaa-d3db1069cac4.jpg,Black sigatoka,74bb2f32-e928-47d7-9321-d8e7977a156b,Juan Carlos,leaf,OK
dae0fd6e-fadb-4e82-9389-d54d7e008a71.jpg,Black sigatoka,0307137e-f51c-4a78-8094-4bb9aa2aa995,Mitz,foliage,OK
f7e54673-eb7f-4fe9-b67e-1bbb40cf676f.jpg,Healthy,fb2df388-d94f-4615-a416-aed8a9cd0e48,Juan Carlos,foliage,OK
c8a8520c-cbee-4850-a6cc-e1a41241695e.jpg,Black sigatoka,9c7d2ed9-7765-4c34-8be5-3fcdfcdef8dc,Juan Carlos,leaf,OK
fdaa745b-59d4-4850-a345-bc30e42fd59c.jpg,Healthy,0a615dfa-eb9f-493b-98e3-2849b7c75471,Mitz,foliage,OK
4b50ba03-7d76-4206-bac6-3c09c4d6ba94.jpg,Bunchy top,35a08476-5dbc-4cc4-b3d1-5206b38368b4,Iking,foliage,OK
